NEIS1635,species,label
1008,#0432FF,N.meningitidis
67,#0432FF,N.meningitidis
2053,#0432FF,N.meningitidis
1325,#0432FF,N.meningitidis
2096,#0432FF,N.meningitidis
518,#0432FF,N.meningitidis
2613,#0432FF,N.meningitidis
410,#0432FF,N.meningitidis
1018,#0432FF,N.meningitidis
2811,#0432FF,N.meningitidis
2220,#0432FF,N.meningitidis
765,#0432FF,N.meningitidis
2602,#0432FF,N.meningitidis
2109,#0432FF,N.meningitidis
1003,#0432FF,N.meningitidis
226,#0432FF,N.meningitidis
1978,#0432FF,N.meningitidis
32,#0432FF,N.meningitidis
2681,#0432FF,N.meningitidis
569,#0432FF,N.meningitidis
2788,#0432FF,N.meningitidis
2624,#0432FF,N.meningitidis
2554,#0432FF,N.meningitidis
751,#0432FF,N.meningitidis
2581,#0432FF,N.meningitidis
550,#0432FF,N.meningitidis
2394,#0432FF,N.meningitidis
336,#0432FF,N.meningitidis
2059,#0432FF,N.meningitidis
249,#0432FF,N.meningitidis
2393,#0432FF,N.meningitidis
2832,#0432FF,N.meningitidis
1044,#0432FF,N.meningitidis
2569,#0432FF,N.meningitidis
2590,#0432FF,N.meningitidis
481,#0432FF,N.meningitidis
2084,#0432FF,N.meningitidis
1068,#0432FF,N.meningitidis
2528,#0432FF,N.meningitidis
2722,#0432FF,N.meningitidis
2683,#0432FF,N.meningitidis
2748,#0432FF,N.meningitidis
30,#0432FF,N.meningitidis
2217,#0432FF,N.meningitidis
2135,#0432FF,N.meningitidis
2757,#0432FF,N.meningitidis
2628,#0432FF,N.meningitidis
514,#0432FF,N.meningitidis
729,#0432FF,N.meningitidis
219,#0432FF,N.meningitidis
2579,#0432FF,N.meningitidis
584,#0432FF,N.meningitidis
2800,#0432FF,N.meningitidis
546,#0432FF,N.meningitidis
2762,#0432FF,N.meningitidis
4,#0432FF,N.meningitidis
2131,#0432FF,N.meningitidis
2744,#0432FF,N.meningitidis
2555,#0432FF,N.meningitidis
2405,#0432FF,N.meningitidis
1904,#0432FF,N.meningitidis
2371,#0432FF,N.meningitidis
583,#0432FF,N.meningitidis
2539,#0432FF,N.meningitidis
2605,#0432FF,N.meningitidis
731,#0432FF,N.meningitidis
2774,#0432FF,N.meningitidis
1923,#0432FF,N.meningitidis
413,#0432FF,N.meningitidis
2674,#0432FF,N.meningitidis
744,#0432FF,N.meningitidis
34,#0432FF,N.meningitidis
2642,#0432FF,N.meningitidis
222,#0432FF,N.meningitidis
156,#0432FF,N.meningitidis
322,#0432FF,N.meningitidis
137,#0432FF,N.meningitidis
278,#0432FF,N.meningitidis
1903,#0432FF,N.meningitidis
165,#0432FF,N.meningitidis
157,#0432FF,N.meningitidis
2174,#0432FF,N.meningitidis
287,#0432FF,N.meningitidis
2578,#0432FF,N.meningitidis
2475,#0432FF,N.meningitidis
1922,#0432FF,N.meningitidis
209,#0432FF,N.meningitidis
2396,#0432FF,N.meningitidis
2364,#0432FF,N.meningitidis
2390,#0432FF,N.meningitidis
214,#0432FF,N.meningitidis
261,#0432FF,N.meningitidis
301,#0432FF,N.meningitidis
10,#0432FF,N.meningitidis
494,#0432FF,N.meningitidis
460,#0432FF,N.meningitidis
2807,#0432FF,N.meningitidis
2497,#0432FF,N.meningitidis
164,#0432FF,N.meningitidis
577,#0432FF,N.meningitidis
2786,#0432FF,N.meningitidis
2042,#0432FF,N.meningitidis
383,#0432FF,N.meningitidis
2095,#0432FF,N.meningitidis
454,#0432FF,N.meningitidis
391,#0432FF,N.meningitidis
285,#0432FF,N.meningitidis
160,#0432FF,N.meningitidis
54,#0432FF,N.meningitidis
2060,#0432FF,N.meningitidis
499,#0432FF,N.meningitidis
496,#0432FF,N.meningitidis
131,#0432FF,N.meningitidis
253,#0432FF,N.meningitidis
1052,#0432FF,N.meningitidis
332,#0432FF,N.meningitidis
509,#0432FF,N.meningitidis
1030,#0432FF,N.meningitidis
25,#0432FF,N.meningitidis
787,#0432FF,N.meningitidis
244,#0432FF,N.meningitidis
2439,#0432FF,N.meningitidis
536,#0432FF,N.meningitidis
149,#0432FF,N.meningitidis
2571,#0432FF,N.meningitidis
2626,#0432FF,N.meningitidis
26,#0432FF,N.meningitidis
2625,#0432FF,N.meningitidis
408,#0432FF,N.meningitidis
61,#0432FF,N.meningitidis
2584,#0432FF,N.meningitidis
2738,#0432FF,N.meningitidis
2705,#0432FF,N.meningitidis
2358,#0432FF,N.meningitidis
2035,#0432FF,N.meningitidis
328,#0432FF,N.meningitidis
396,#0432FF,N.meningitidis
2644,#0432FF,N.meningitidis
2614,#0432FF,N.meningitidis
134,#0432FF,N.meningitidis
2576,#0432FF,N.meningitidis
1082,#0432FF,N.meningitidis
1027,#0432FF,N.meningitidis
262,#0432FF,N.meningitidis
1949,#0432FF,N.meningitidis
2582,#0432FF,N.meningitidis
739,#0432FF,N.meningitidis
2444,#0432FF,N.meningitidis
1960,#0432FF,N.meningitidis
2553,#0432FF,N.meningitidis
1042,#0432FF,N.meningitidis
2105,#0432FF,N.meningitidis
1565,#0432FF,N.meningitidis
542,#0432FF,N.meningitidis
1940,#0432FF,N.meningitidis
513,#0432FF,N.meningitidis
2561,#0432FF,N.meningitidis
2769,#0432FF,N.meningitidis
1066,#0432FF,N.meningitidis
2441,#0432FF,N.meningitidis
304,#0432FF,N.meningitidis
283,#0432FF,N.meningitidis
1225,#0432FF,N.meningitidis
2513,#0432FF,N.meningitidis
1274,#FF9300,N.lactamica
911,#FF9300,N.lactamica
964,#00FA00,Multiple
609,#00FA00,Multiple
2798,#0432FF,N.meningitidis
2536,#0432FF,N.meningitidis
1976,#0432FF,N.meningitidis
345,#0432FF,N.meningitidis
331,#0432FF,N.meningitidis
432,#0432FF,N.meningitidis
1020,#0432FF,N.meningitidis
1054,#0432FF,N.meningitidis
2229,#FF9300,N.lactamica
2834,#0432FF,N.meningitidis
2727,#0432FF,N.meningitidis
2612,#0432FF,N.meningitidis
1956,#0432FF,N.meningitidis
2675,#0432FF,N.meningitidis
2621,#0432FF,N.meningitidis
1011,#0432FF,N.meningitidis
2437,#0432FF,N.meningitidis
417,#0432FF,N.meningitidis
2717,#0432FF,N.meningitidis
1981,#0432FF,N.meningitidis
2710,#0432FF,N.meningitidis
2813,#0432FF,N.meningitidis
2107,#0432FF,N.meningitidis
2640,#0432FF,N.meningitidis
1016,#0432FF,N.meningitidis
2134,#0432FF,N.meningitidis
117,#0432FF,N.meningitidis
606,#0432FF,N.meningitidis
605,#0432FF,N.meningitidis
2572,#0432FF,N.meningitidis
2057,#0432FF,N.meningitidis
2467,#0432FF,N.meningitidis
112,#0432FF,N.meningitidis
2400,#0432FF,N.meningitidis
114,#0432FF,N.meningitidis
2387,#0432FF,N.meningitidis
2401,#0432FF,N.meningitidis
2631,#0432FF,N.meningitidis
462,#0432FF,N.meningitidis
2797,#0432FF,N.meningitidis
2549,#0432FF,N.meningitidis
2495,#0432FF,N.meningitidis
350,#0432FF,N.meningitidis
1084,#0432FF,N.meningitidis
171,#0432FF,N.meningitidis
1912,#0432FF,N.meningitidis
862,#00FDFF,N.polysaccharea
755,#FF9300,N.lactamica
216,#0432FF,N.meningitidis
2000,#0432FF,N.meningitidis
1559,#0432FF,N.meningitidis
2673,#0432FF,N.meningitidis
2594,#0432FF,N.meningitidis
2754,#0432FF,N.meningitidis
1040,#0432FF,N.meningitidis
282,#0432FF,N.meningitidis
592,#0432FF,N.meningitidis
2100,#0432FF,N.meningitidis
2146,#0432FF,N.meningitidis
798,#0432FF,N.meningitidis
2469,#0432FF,N.meningitidis
2836,#0432FF,N.meningitidis
2660,#0432FF,N.meningitidis
2367,#0432FF,N.meningitidis
2632,#0432FF,N.meningitidis
2551,#0432FF,N.meningitidis
2185,#0432FF,N.meningitidis
2136,#0432FF,N.meningitidis
2752,#0432FF,N.meningitidis
208,#0432FF,N.meningitidis
2560,#0432FF,N.meningitidis
2825,#0432FF,N.meningitidis
467,#0432FF,N.meningitidis
2188,#0432FF,N.meningitidis
337,#0432FF,N.meningitidis
1053,#0432FF,N.meningitidis
241,#0432FF,N.meningitidis
786,#0432FF,N.meningitidis
47,#0432FF,N.meningitidis
2521,#0432FF,N.meningitidis
11,#00FA00,Multiple
2071,#0432FF,N.meningitidis
2404,#0432FF,N.meningitidis
2392,#0432FF,N.meningitidis
2476,#0432FF,N.meningitidis
2694,#0432FF,N.meningitidis
2414,#0432FF,N.meningitidis
1223,#0432FF,N.meningitidis
264,#0432FF,N.meningitidis
784,#0432FF,N.meningitidis
199,#0432FF,N.meningitidis
732,#0432FF,N.meningitidis
1010,#0432FF,N.meningitidis
505,#0432FF,N.meningitidis
458,#0432FF,N.meningitidis
2666,#0432FF,N.meningitidis
272,#0432FF,N.meningitidis
2026,#0432FF,N.meningitidis
537,#0432FF,N.meningitidis
66,#0432FF,N.meningitidis
2474,#0432FF,N.meningitidis
132,#0432FF,N.meningitidis
403,#0432FF,N.meningitidis
1984,#0432FF,N.meningitidis
2193,#0432FF,N.meningitidis
2732,#0432FF,N.meningitidis
2080,#0432FF,N.meningitidis
1229,#0432FF,N.meningitidis
227,#0432FF,N.meningitidis
2005,#0432FF,N.meningitidis
531,#0432FF,N.meningitidis
2814,#0432FF,N.meningitidis
2739,#0432FF,N.meningitidis
2141,#0432FF,N.meningitidis
2544,#0432FF,N.meningitidis
472,#0432FF,N.meningitidis
2384,#0432FF,N.meningitidis
172,#0432FF,N.meningitidis
2726,#0432FF,N.meningitidis
2484,#0432FF,N.meningitidis
1039,#0432FF,N.meningitidis
2375,#0432FF,N.meningitidis
2712,#0432FF,N.meningitidis
225,#0432FF,N.meningitidis
48,#0432FF,N.meningitidis
769,#0432FF,N.meningitidis
2369,#0432FF,N.meningitidis
728,#00FA00,Multiple
2504,#0432FF,N.meningitidis
572,#0432FF,N.meningitidis
1336,#0432FF,N.meningitidis
68,#0432FF,N.meningitidis
139,#0432FF,N.meningitidis
2047,#0432FF,N.meningitidis
212,#0432FF,N.meningitidis
482,#0432FF,N.meningitidis
2597,#0432FF,N.meningitidis
1059,#0432FF,N.meningitidis
1012,#0432FF,N.meningitidis
2648,#0432FF,N.meningitidis
1943,#0432FF,N.meningitidis
1080,#0432FF,N.meningitidis
2151,#0432FF,N.meningitidis
2577,#0432FF,N.meningitidis
1077,#0432FF,N.meningitidis
35,#0432FF,N.meningitidis
1966,#0432FF,N.meningitidis
270,#0432FF,N.meningitidis
255,#0432FF,N.meningitidis
1026,#0432FF,N.meningitidis
1932,#0432FF,N.meningitidis
2054,#0432FF,N.meningitidis
2600,#0432FF,N.meningitidis
1918,#0432FF,N.meningitidis
2719,#0432FF,N.meningitidis
2481,#0432FF,N.meningitidis
2140,#0432FF,N.meningitidis
635,#0432FF,N.meningitidis
198,#0432FF,N.meningitidis
1964,#0432FF,N.meningitidis
233,#0432FF,N.meningitidis
168,#0432FF,N.meningitidis
44,#0432FF,N.meningitidis
2499,#0432FF,N.meningitidis
2695,#0432FF,N.meningitidis
1916,#0432FF,N.meningitidis
107,#0432FF,N.meningitidis
529,#0432FF,N.meningitidis
313,#0432FF,N.meningitidis
152,#0432FF,N.meningitidis
2077,#00FA00,Multiple
948,#0432FF,N.meningitidis
449,#FF2600,N.gonorrhoeae
539,#FF2600,N.gonorrhoeae
890,#FF2600,N.gonorrhoeae
194,#FF2600,N.gonorrhoeae
2679,#0432FF,N.meningitidis
2070,#0432FF,N.meningitidis
2772,#0432FF,N.meningitidis
65,#0432FF,N.meningitidis
400,#0432FF,N.meningitidis
2672,#0432FF,N.meningitidis
2596,#0432FF,N.meningitidis
175,#0432FF,N.meningitidis
517,#0432FF,N.meningitidis
169,#0432FF,N.meningitidis
2540,#0432FF,N.meningitidis
267,#0432FF,N.meningitidis
1980,#0432FF,N.meningitidis
412,#0432FF,N.meningitidis
2678,#0432FF,N.meningitidis
323,#0432FF,N.meningitidis
1071,#0432FF,N.meningitidis
1944,#0432FF,N.meningitidis
985,#0432FF,N.meningitidis
2831,#0432FF,N.meningitidis
31,#0432FF,N.meningitidis
2753,#0432FF,N.meningitidis
2094,#0432FF,N.meningitidis
1985,#0432FF,N.meningitidis
1019,#0432FF,N.meningitidis
1285,#0432FF,N.meningitidis
2635,#0432FF,N.meningitidis
273,#0432FF,N.meningitidis
205,#0432FF,N.meningitidis
1997,#0432FF,N.meningitidis
2729,#0432FF,N.meningitidis
2773,#0432FF,N.meningitidis
2623,#0432FF,N.meningitidis
109,#0432FF,N.meningitidis
2704,#0432FF,N.meningitidis
2436,#0432FF,N.meningitidis
1919,#0432FF,N.meningitidis
258,#0432FF,N.meningitidis
501,#0432FF,N.meningitidis
2808,#0432FF,N.meningitidis
2821,#0432FF,N.meningitidis
321,#0432FF,N.meningitidis
1001,#0432FF,N.meningitidis
574,#0432FF,N.meningitidis
2063,#0432FF,N.meningitidis
2563,#0432FF,N.meningitidis
2133,#0432FF,N.meningitidis
398,#0432FF,N.meningitidis
476,#0432FF,N.meningitidis
1926,#0432FF,N.meningitidis
1341,#0432FF,N.meningitidis
1075,#0432FF,N.meningitidis
792,#0432FF,N.meningitidis
430,#00FDFF,N.polysaccharea
256,#0432FF,N.meningitidis
2378,#0432FF,N.meningitidis
2130,#0432FF,N.meningitidis
2187,#0432FF,N.meningitidis
49,#0432FF,N.meningitidis
2733,#0432FF,N.meningitidis
495,#0432FF,N.meningitidis
2697,#0432FF,N.meningitidis
516,#0432FF,N.meningitidis
756,#0432FF,N.meningitidis
2430,#0432FF,N.meningitidis
2336,#0432FF,N.meningitidis
2386,#0432FF,N.meningitidis
852,#0432FF,N.meningitidis
266,#0432FF,N.meningitidis
2389,#0432FF,N.meningitidis
1973,#0432FF,N.meningitidis
50,#0432FF,N.meningitidis
2049,#0432FF,N.meningitidis
344,#0432FF,N.meningitidis
1991,#0432FF,N.meningitidis
1945,#0432FF,N.meningitidis
2588,#0432FF,N.meningitidis
2402,#0432FF,N.meningitidis
1000,#0432FF,N.meningitidis
170,#0432FF,N.meningitidis
2337,#0432FF,N.meningitidis
2643,#0432FF,N.meningitidis
2359,#0432FF,N.meningitidis
2763,#0432FF,N.meningitidis
2171,#0432FF,N.meningitidis
2048,#0432FF,N.meningitidis
2638,#0432FF,N.meningitidis
1058,#0432FF,N.meningitidis
2399,#0432FF,N.meningitidis
409,#0432FF,N.meningitidis
116,#0432FF,N.meningitidis
2170,#0432FF,N.meningitidis
269,#0432FF,N.meningitidis
2480,#0432FF,N.meningitidis
2820,#0432FF,N.meningitidis
2416,#0432FF,N.meningitidis
2518,#0432FF,N.meningitidis
1967,#0432FF,N.meningitidis
2016,#0432FF,N.meningitidis
2619,#0432FF,N.meningitidis
161,#0432FF,N.meningitidis
2073,#0432FF,N.meningitidis
461,#0432FF,N.meningitidis
2634,#0432FF,N.meningitidis
220,#0432FF,N.meningitidis
794,#0432FF,N.meningitidis
1031,#0432FF,N.meningitidis
2649,#0432FF,N.meningitidis
2639,#0432FF,N.meningitidis
56,#0432FF,N.meningitidis
111,#0432FF,N.meningitidis
2440,#0432FF,N.meningitidis
280,#0432FF,N.meningitidis
498,#0432FF,N.meningitidis
2687,#0432FF,N.meningitidis
515,#0432FF,N.meningitidis
2483,#0432FF,N.meningitidis
504,#0432FF,N.meningitidis
1078,#0432FF,N.meningitidis
2473,#0432FF,N.meningitidis
2803,#0432FF,N.meningitidis
2425,#0432FF,N.meningitidis
2372,#0432FF,N.meningitidis
1938,#0432FF,N.meningitidis
2822,#0432FF,N.meningitidis
2427,#0432FF,N.meningitidis
2339,#0432FF,N.meningitidis
2689,#0432FF,N.meningitidis
2636,#0432FF,N.meningitidis
1069,#0432FF,N.meningitidis
2599,#0432FF,N.meningitidis
2802,#0432FF,N.meningitidis
2373,#0432FF,N.meningitidis
221,#0432FF,N.meningitidis
2692,#0432FF,N.meningitidis
326,#0432FF,N.meningitidis
2506,#0432FF,N.meningitidis
2452,#0432FF,N.meningitidis
2118,#0432FF,N.meningitidis
1947,#0432FF,N.meningitidis
276,#0432FF,N.meningitidis
789,#0432FF,N.meningitidis
2127,#0432FF,N.meningitidis
2548,#0432FF,N.meningitidis
2755,#0432FF,N.meningitidis
155,#0432FF,N.meningitidis
110,#0432FF,N.meningitidis
1005,#0432FF,N.meningitidis
2376,#0432FF,N.meningitidis
2429,#0432FF,N.meningitidis
115,#0432FF,N.meningitidis
527,#0432FF,N.meningitidis
300,#0432FF,N.meningitidis
2398,#0432FF,N.meningitidis
9,#00FA00,Multiple
2428,#0432FF,N.meningitidis
183,#0432FF,N.meningitidis
2159,#0432FF,N.meningitidis
799,#0432FF,N.meningitidis
2768,#0432FF,N.meningitidis
2424,#0432FF,N.meningitidis
268,#0432FF,N.meningitidis
2431,#0432FF,N.meningitidis
1050,#0432FF,N.meningitidis
2451,#0432FF,N.meningitidis
2680,#0432FF,N.meningitidis
796,#0432FF,N.meningitidis
2637,#0432FF,N.meningitidis
2686,#0432FF,N.meningitidis
319,#FF9300,N.lactamica
248,#0432FF,N.meningitidis
988,#0432FF,N.meningitidis
1085,#0432FF,N.meningitidis
2139,#0432FF,N.meningitidis
2341,#0432FF,N.meningitidis
254,#0432FF,N.meningitidis
286,#0432FF,N.meningitidis
373,#FF2600,N.gonorrhoeae
2706,#0432FF,N.meningitidis
2522,#0432FF,N.meningitidis
2216,#0432FF,N.meningitidis
2145,#0432FF,N.meningitidis
2665,#0432FF,N.meningitidis
52,#0432FF,N.meningitidis
51,#0432FF,N.meningitidis
2507,#0432FF,N.meningitidis
2533,#0432FF,N.meningitidis
213,#0432FF,N.meningitidis
2138,#0432FF,N.meningitidis
2595,#0432FF,N.meningitidis
55,#0432FF,N.meningitidis
2149,#0432FF,N.meningitidis
2154,#0432FF,N.meningitidis
388,#0432FF,N.meningitidis
545,#0432FF,N.meningitidis
1906,#0432FF,N.meningitidis
2,#0432FF,N.meningitidis
2546,#0432FF,N.meningitidis
2830,#0432FF,N.meningitidis
43,#0432FF,N.meningitidis
2368,#0432FF,N.meningitidis
2102,#0432FF,N.meningitidis
1015,#0432FF,N.meningitidis
2805,#0432FF,N.meningitidis
455,#0432FF,N.meningitidis
2531,#0432FF,N.meningitidis
174,#0432FF,N.meningitidis
387,#0432FF,N.meningitidis
2627,#0432FF,N.meningitidis
185,#0432FF,N.meningitidis
22,#0432FF,N.meningitidis
167,#0432FF,N.meningitidis
2765,#0432FF,N.meningitidis
339,#0432FF,N.meningitidis
2434,#0432FF,N.meningitidis
184,#0432FF,N.meningitidis
2589,#0432FF,N.meningitidis
2382,#0432FF,N.meningitidis
2720,#0432FF,N.meningitidis
2609,#0432FF,N.meningitidis
2144,#0432FF,N.meningitidis
2775,#0432FF,N.meningitidis
585,#0432FF,N.meningitidis
394,#0432FF,N.meningitidis
2586,#0432FF,N.meningitidis
526,#0432FF,N.meningitidis
1023,#0432FF,N.meningitidis
2745,#0432FF,N.meningitidis
530,#0432FF,N.meningitidis
1009,#0432FF,N.meningitidis
1036,#0432FF,N.meningitidis
2397,#0432FF,N.meningitidis
2606,#0432FF,N.meningitidis
2543,#0432FF,N.meningitidis
148,#0432FF,N.meningitidis
2742,#0432FF,N.meningitidis
2737,#0432FF,N.meningitidis
2093,#0432FF,N.meningitidis
2508,#0432FF,N.meningitidis
229,#0432FF,N.meningitidis
2598,#0432FF,N.meningitidis
2698,#0432FF,N.meningitidis
385,#0432FF,N.meningitidis
53,#00FA00,Multiple
815,#0432FF,N.meningitidis
2608,#0432FF,N.meningitidis
814,#0432FF,N.meningitidis
2114,#0432FF,N.meningitidis
392,#0432FF,N.meningitidis
1046,#0432FF,N.meningitidis
2530,#0432FF,N.meningitidis
305,#0432FF,N.meningitidis
2541,#0432FF,N.meningitidis
1017,#0432FF,N.meningitidis
2534,#0432FF,N.meningitidis
602,#0432FF,N.meningitidis
2793,#0432FF,N.meningitidis
528,#0432FF,N.meningitidis
438,#0432FF,N.meningitidis
2524,#0432FF,N.meningitidis
2532,#0432FF,N.meningitidis
1062,#0432FF,N.meningitidis
1063,#0432FF,N.meningitidis
459,#0432FF,N.meningitidis
636,#0432FF,N.meningitidis
133,#0432FF,N.meningitidis
2527,#0432FF,N.meningitidis
2413,#0432FF,N.meningitidis
548,#0432FF,N.meningitidis
2746,#0432FF,N.meningitidis
743,#0432FF,N.meningitidis
2455,#0432FF,N.meningitidis
996,#0432FF,N.meningitidis
141,#0432FF,N.meningitidis
2519,#0432FF,N.meningitidis
2454,#0432FF,N.meningitidis
479,#0432FF,N.meningitidis
1996,#0432FF,N.meningitidis
315,#0432FF,N.meningitidis
2622,#0432FF,N.meningitidis
42,#0432FF,N.meningitidis
310,#0432FF,N.meningitidis
418,#0432FF,N.meningitidis
309,#0432FF,N.meningitidis
1921,#0432FF,N.meningitidis
393,#0432FF,N.meningitidis
2630,#0432FF,N.meningitidis
2526,#0432FF,N.meningitidis
2591,#0432FF,N.meningitidis
554,#0432FF,N.meningitidis
2169,#0432FF,N.meningitidis
2092,#0432FF,N.meningitidis
2750,#0432FF,N.meningitidis
555,#0432FF,N.meningitidis
416,#0432FF,N.meningitidis
2356,#0432FF,N.meningitidis
793,#0432FF,N.meningitidis
1977,#0432FF,N.meningitidis
386,#0432FF,N.meningitidis
2523,#0432FF,N.meningitidis
41,#00FA00,Multiple
754,#0432FF,N.meningitidis
593,#0432FF,N.meningitidis
1942,#0432FF,N.meningitidis
1033,#0432FF,N.meningitidis
1,#0432FF,N.meningitidis
766,#0432FF,N.meningitidis
510,#0432FF,N.meningitidis
320,#0432FF,N.meningitidis
224,#0432FF,N.meningitidis
2024,#0432FF,N.meningitidis
384,#0432FF,N.meningitidis
2164,#0432FF,N.meningitidis
317,#0432FF,N.meningitidis
2542,#0432FF,N.meningitidis
2509,#0432FF,N.meningitidis
1056,#0432FF,N.meningitidis
1091,#0432FF,N.meningitidis
1941,#0432FF,N.meningitidis
2461,#0432FF,N.meningitidis
2510,#0432FF,N.meningitidis
2607,#0432FF,N.meningitidis
1990,#0432FF,N.meningitidis
306,#0432FF,N.meningitidis
314,#0432FF,N.meningitidis
138,#0432FF,N.meningitidis
2505,#0432FF,N.meningitidis
307,#0432FF,N.meningitidis
2388,#0432FF,N.meningitidis
2478,#0432FF,N.meningitidis
2349,#0432FF,N.meningitidis
316,#0432FF,N.meningitidis
497,#0432FF,N.meningitidis
217,#0432FF,N.meningitidis
303,#0432FF,N.meningitidis
1092,#0432FF,N.meningitidis
2617,#0432FF,N.meningitidis
2357,#0432FF,N.meningitidis
2380,#0432FF,N.meningitidis
281,#0432FF,N.meningitidis
511,#0432FF,N.meningitidis
997,#0432FF,N.meningitidis
2104,#0432FF,N.meningitidis
204,#0432FF,N.meningitidis
1948,#00FA00,Multiple
2764,#0432FF,N.meningitidis
1965,#0432FF,N.meningitidis
590,#0432FF,N.meningitidis
2801,#0432FF,N.meningitidis
775,#0432FF,N.meningitidis
2573,#0432FF,N.meningitidis
2601,#0432FF,N.meningitidis
2567,#0432FF,N.meningitidis
2381,#0432FF,N.meningitidis
562,#0432FF,N.meningitidis
2142,#0432FF,N.meningitidis
1988,#0432FF,N.meningitidis
1048,#0432FF,N.meningitidis
2115,#0432FF,N.meningitidis
2033,#0432FF,N.meningitidis
556,#0432FF,N.meningitidis
2488,#0432FF,N.meningitidis
7,#00FA00,Multiple
2438,#0432FF,N.meningitidis
578,#0432FF,N.meningitidis
2432,#0432FF,N.meningitidis
1934,#0432FF,N.meningitidis
752,#0432FF,N.meningitidis
2618,#0432FF,N.meningitidis
135,#0432FF,N.meningitidis
2512,#0432FF,N.meningitidis
2385,#0432FF,N.meningitidis
29,#0432FF,N.meningitidis
1055,#0432FF,N.meningitidis
1927,#0432FF,N.meningitidis
414,#0432FF,N.meningitidis
2503,#0432FF,N.meningitidis
36,#0432FF,N.meningitidis
181,#0432FF,N.meningitidis
1057,#0432FF,N.meningitidis
2633,#0432FF,N.meningitidis
341,#0432FF,N.meningitidis
1951,#0432FF,N.meningitidis
2516,#0432FF,N.meningitidis
28,#0432FF,N.meningitidis
512,#0432FF,N.meningitidis
534,#0432FF,N.meningitidis
2056,#0432FF,N.meningitidis
2610,#0432FF,N.meningitidis
2711,#0432FF,N.meningitidis
1905,#0432FF,N.meningitidis
173,#0432FF,N.meningitidis
2556,#0432FF,N.meningitidis
2749,#0432FF,N.meningitidis
2155,#0432FF,N.meningitidis
1911,#0432FF,N.meningitidis
2557,#0432FF,N.meningitidis
1974,#0432FF,N.meningitidis
503,#0432FF,N.meningitidis
2458,#0432FF,N.meningitidis
58,#0432FF,N.meningitidis
2816,#0432FF,N.meningitidis
275,#0432FF,N.meningitidis
1560,#0432FF,N.meningitidis
470,#0432FF,N.meningitidis
2147,#0432FF,N.meningitidis
2538,#0432FF,N.meningitidis
72,#0432FF,N.meningitidis
2714,#0432FF,N.meningitidis
1061,#0432FF,N.meningitidis
33,#0432FF,N.meningitidis
277,#0432FF,N.meningitidis
2854,#0432FF,N.meningitidis
1004,#0432FF,N.meningitidis
252,#0432FF,N.meningitidis
634,#0432FF,N.meningitidis
478,#0432FF,N.meningitidis
206,#0432FF,N.meningitidis
1060,#0432FF,N.meningitidis
1024,#0432FF,N.meningitidis
2465,#0432FF,N.meningitidis
1067,#0432FF,N.meningitidis
1962,#0432FF,N.meningitidis
411,#0432FF,N.meningitidis
1086,#0432FF,N.meningitidis
580,#0432FF,N.meningitidis
2062,#0432FF,N.meningitidis
2365,#0432FF,N.meningitidis
1038,#0432FF,N.meningitidis
2564,#0432FF,N.meningitidis
2383,#0432FF,N.meningitidis
70,#0432FF,N.meningitidis
1064,#0432FF,N.meningitidis
552,#0432FF,N.meningitidis
2593,#0432FF,N.meningitidis
2374,#0432FF,N.meningitidis
2741,#0432FF,N.meningitidis
1909,#00FA00,Multiple
2547,#0432FF,N.meningitidis
2550,#0432FF,N.meningitidis
2443,#0432FF,N.meningitidis
471,#0432FF,N.meningitidis
1022,#0432FF,N.meningitidis
162,#0432FF,N.meningitidis
2703,#0432FF,N.meningitidis
2061,#0432FF,N.meningitidis
2740,#0432FF,N.meningitidis
1983,#0432FF,N.meningitidis
483,#0432FF,N.meningitidis
177,#0432FF,N.meningitidis
2433,#0432FF,N.meningitidis
469,#0432FF,N.meningitidis
2574,#0432FF,N.meningitidis
2761,#0432FF,N.meningitidis
63,#0432FF,N.meningitidis
2559,#0432FF,N.meningitidis
2435,#0432FF,N.meningitidis
1013,#0432FF,N.meningitidis
1051,#0432FF,N.meningitidis
203,#0432FF,N.meningitidis
2482,#0432FF,N.meningitidis
1928,#0432FF,N.meningitidis
415,#0432FF,N.meningitidis
998,#0432FF,N.meningitidis
2088,#0432FF,N.meningitidis
1971,#0432FF,N.meningitidis
1366,#0432FF,N.meningitidis
533,#0432FF,N.meningitidis
2669,#0432FF,N.meningitidis
2448,#0432FF,N.meningitidis
274,#0432FF,N.meningitidis
1045,#0432FF,N.meningitidis
2734,#0432FF,N.meningitidis
1954,#0432FF,N.meningitidis
1028,#0432FF,N.meningitidis
2517,#0432FF,N.meningitidis
2498,#0432FF,N.meningitidis
243,#0432FF,N.meningitidis
240,#0432FF,N.meningitidis
263,#0432FF,N.meningitidis
251,#0432FF,N.meningitidis
325,#0432FF,N.meningitidis
502,#0432FF,N.meningitidis
1957,#0432FF,N.meningitidis
464,#0432FF,N.meningitidis
2760,#0432FF,N.meningitidis
218,#0432FF,N.meningitidis
390,#0432FF,N.meningitidis
118,#00FA00,Multiple
2715,#0432FF,N.meningitidis
1220,#0432FF,N.meningitidis
395,#0432FF,N.meningitidis
2645,#0432FF,N.meningitidis
1070,#0432FF,N.meningitidis
288,#0432FF,N.meningitidis
389,#0432FF,N.meningitidis
685,#0432FF,N.meningitidis
1221,#0432FF,N.meningitidis
349,#0432FF,N.meningitidis
2659,#0432FF,N.meningitidis
849,#0432FF,N.meningitidis
2150,#0432FF,N.meningitidis
69,#0432FF,N.meningitidis
2545,#0432FF,N.meningitidis
2647,#0432FF,N.meningitidis
894,#0432FF,N.meningitidis
2192,#0432FF,N.meningitidis
2535,#0432FF,N.meningitidis
1218,#0432FF,N.meningitidis
1230,#0432FF,N.meningitidis
2585,#0432FF,N.meningitidis
1959,#0432FF,N.meningitidis
2184,#0432FF,N.meningitidis
211,#0432FF,N.meningitidis
1222,#0432FF,N.meningitidis
1219,#0432FF,N.meningitidis
1224,#0432FF,N.meningitidis
2696,#0432FF,N.meningitidis
2153,#0432FF,N.meningitidis
1226,#0432FF,N.meningitidis
540,#0432FF,N.meningitidis
2691,#0432FF,N.meningitidis
2552,#0432FF,N.meningitidis
2806,#0432FF,N.meningitidis
1217,#0432FF,N.meningitidis
2161,#0432FF,N.meningitidis
2361,#0432FF,N.meningitidis
627,#0432FF,N.meningitidis
1025,#0432FF,N.meningitidis
999,#0432FF,N.meningitidis
2348,#0432FF,N.meningitidis
2377,#0432FF,N.meningitidis
2362,#0432FF,N.meningitidis
2064,#0432FF,N.meningitidis
1076,#0432FF,N.meningitidis
202,#0432FF,N.meningitidis
24,#0432FF,N.meningitidis
2342,#0432FF,N.meningitidis
147,#0432FF,N.meningitidis
2611,#0432FF,N.meningitidis
2758,#0432FF,N.meningitidis
2690,#0432FF,N.meningitidis
615,#0432FF,N.meningitidis
2412,#0432FF,N.meningitidis
2767,#0432FF,N.meningitidis
2363,#0432FF,N.meningitidis
2068,#0432FF,N.meningitidis
1041,#0432FF,N.meningitidis
57,#0432FF,N.meningitidis
2340,#0432FF,N.meningitidis
2449,#0432FF,N.meningitidis
2182,#0432FF,N.meningitidis
2725,#0432FF,N.meningitidis
2052,#0432FF,N.meningitidis
1014,#0432FF,N.meningitidis
1958,#0432FF,N.meningitidis
2685,#0432FF,N.meningitidis
474,#0432FF,N.meningitidis
1946,#0432FF,N.meningitidis
60,#0432FF,N.meningitidis
753,#0432FF,N.meningitidis
2514,#0432FF,N.meningitidis
145,#0432FF,N.meningitidis
1043,#0432FF,N.meningitidis
2723,#0432FF,N.meningitidis
2479,#0432FF,N.meningitidis
480,#0432FF,N.meningitidis
2343,#0432FF,N.meningitidis
2693,#0432FF,N.meningitidis
1035,#0432FF,N.meningitidis
1002,#0432FF,N.meningitidis
2091,#0432FF,N.meningitidis
324,#0432FF,N.meningitidis
2486,#0432FF,N.meningitidis
284,#0432FF,N.meningitidis
1032,#0432FF,N.meningitidis
1034,#0432FF,N.meningitidis
2724,#0432FF,N.meningitidis
2472,#0432FF,N.meningitidis
468,#0432FF,N.meningitidis
1047,#0432FF,N.meningitidis
2568,#0432FF,N.meningitidis
2160,#0432FF,N.meningitidis
151,#0432FF,N.meningitidis
2456,#0432FF,N.meningitidis
2566,#0432FF,N.meningitidis
2177,#0432FF,N.meningitidis
2011,#0432FF,N.meningitidis
2442,#0432FF,N.meningitidis
8,#00FA00,Multiple
1049,#0432FF,N.meningitidis
2069,#0432FF,N.meningitidis
21,#0432FF,N.meningitidis
382,#0432FF,N.meningitidis
1961,#0432FF,N.meningitidis
1029,#FF2600,N.gonorrhoeae
2360,#0432FF,N.meningitidis
2345,#0432FF,N.meningitidis
2172,#0432FF,N.meningitidis
144,#0432FF,N.meningitidis
1087,#0432FF,N.meningitidis
2466,#0432FF,N.meningitidis
2616,#0432FF,N.meningitidis
2819,#0432FF,N.meningitidis
525,#0432FF,N.meningitidis
1083,#0432FF,N.meningitidis
1231,#0432FF,N.meningitidis
995,#0432FF,N.meningitidis
2366,#0432FF,N.meningitidis
2525,#0432FF,N.meningitidis
2515,#0432FF,N.meningitidis
406,#0432FF,N.meningitidis
2511,#0432FF,N.meningitidis
466,#0432FF,N.meningitidis
1925,#0432FF,N.meningitidis
200,#0432FF,N.meningitidis
2718,#0432FF,N.meningitidis
136,#0432FF,N.meningitidis
1021,#0432FF,N.meningitidis
2713,#0432FF,N.meningitidis
2447,#0432FF,N.meningitidis
2222,#0432FF,N.meningitidis
1037,#0432FF,N.meningitidis
1986,#0432FF,N.meningitidis
993,#0432FF,N.meningitidis
1546,#0432FF,N.meningitidis
2221,#0432FF,N.meningitidis
2676,#0432FF,N.meningitidis
2684,#0432FF,N.meningitidis
2101,#0432FF,N.meningitidis
2055,#0432FF,N.meningitidis
795,#0432FF,N.meningitidis
790,#0432FF,N.meningitidis
23,#0432FF,N.meningitidis
1975,#0432FF,N.meningitidis
312,#0432FF,N.meningitidis
992,#0432FF,N.meningitidis
260,#0432FF,N.meningitidis
1373,#0432FF,N.meningitidis
1950,#0432FF,N.meningitidis
166,#0432FF,N.meningitidis
801,#0432FF,N.meningitidis
791,#0432FF,N.meningitidis
797,#0432FF,N.meningitidis
986,#0432FF,N.meningitidis
1137,#0432FF,N.meningitidis
990,#0432FF,N.meningitidis
1216,#0432FF,N.meningitidis
1215,#0432FF,N.meningitidis
1972,#0432FF,N.meningitidis
1112,#0432FF,N.meningitidis
2845,#0432FF,N.meningitidis
1119,#0432FF,N.meningitidis
991,#0432FF,N.meningitidis
2003,#0432FF,N.meningitidis
989,#0432FF,N.meningitidis
2122,#0432FF,N.meningitidis
994,#0432FF,N.meningitidis
1118,#0432FF,N.meningitidis
2065,#0432FF,N.meningitidis
2446,#0432FF,N.meningitidis
2355,#0432FF,N.meningitidis
730,#0432FF,N.meningitidis
246,#0432FF,N.meningitidis
2116,#0432FF,N.meningitidis
2338,#0432FF,N.meningitidis
1382,#0432FF,N.meningitidis
1917,#0432FF,N.meningitidis
1920,#0432FF,N.meningitidis
2218,#0432FF,N.meningitidis
2132,#0432FF,N.meningitidis
811,#0432FF,N.meningitidis
1135,#0432FF,N.meningitidis
1963,#0432FF,N.meningitidis
2716,#0432FF,N.meningitidis
2699,#0432FF,N.meningitidis
2072,#0432FF,N.meningitidis
2615,#0432FF,N.meningitidis
519,#00FDFF,N.polysaccharea
692,#00FA00,Multiple
2650,#0432FF,N.meningitidis
1937,#0432FF,N.meningitidis
1340,#0432FF,N.meningitidis
1286,#0432FF,N.meningitidis
2646,#0432FF,N.meningitidis
1586,#0432FF,N.meningitidis
2117,#0432FF,N.meningitidis
130,#0432FF,N.meningitidis
108,#0432FF,N.meningitidis
2812,#0432FF,N.meningitidis
223,#0432FF,N.meningitidis
154,#0432FF,N.meningitidis
2688,#0432FF,N.meningitidis
1124,#0432FF,N.meningitidis
143,#0432FF,N.meningitidis
271,#0432FF,N.meningitidis
878,#0432FF,N.meningitidis
338,#0432FF,N.meningitidis
1263,#0432FF,N.meningitidis
318,#0432FF,N.meningitidis
1320,#0432FF,N.meningitidis
2502,#0432FF,N.meningitidis
163,#0432FF,N.meningitidis
1151,#0432FF,N.meningitidis
1140,#0432FF,N.meningitidis
979,#0432FF,N.meningitidis
984,#0432FF,N.meningitidis
2664,#0432FF,N.meningitidis
59,#0432FF,N.meningitidis
257,#0432FF,N.meningitidis
457,#0432FF,N.meningitidis
153,#0432FF,N.meningitidis
1090,#0432FF,N.meningitidis
1351,#0432FF,N.meningitidis
215,#0432FF,N.meningitidis
146,#0432FF,N.meningitidis
1117,#0432FF,N.meningitidis
210,#0432FF,N.meningitidis
950,#0432FF,N.meningitidis
819,#0432FF,N.meningitidis
1122,#0432FF,N.meningitidis
2445,#0432FF,N.meningitidis
2046,#0432FF,N.meningitidis
207,#0432FF,N.meningitidis
2620,#0432FF,N.meningitidis
1936,#0432FF,N.meningitidis
1262,#0432FF,N.meningitidis
435,#FF9300,N.lactamica
289,#0432FF,N.meningitidis
532,#0432FF,N.meningitidis
2823,#0432FF,N.meningitidis
450,#FF9300,N.lactamica
547,#0432FF,N.meningitidis
228,#0432FF,N.meningitidis
372,#0432FF,N.meningitidis
2468,#0432FF,N.meningitidis
2496,#0432FF,N.meningitidis
2756,#0432FF,N.meningitidis
2603,#0432FF,N.meningitidis
150,#0432FF,N.meningitidis
2824,#0432FF,N.meningitidis
1210,#0432FF,N.meningitidis
2587,#0432FF,N.meningitidis
785,#0432FF,N.meningitidis
2121,#0432FF,N.meningitidis
1147,#0432FF,N.meningitidis
2457,#0432FF,N.meningitidis
201,#0432FF,N.meningitidis
2450,#0432FF,N.meningitidis
587,#0432FF,N.meningitidis
27,#0432FF,N.meningitidis
2453,#0432FF,N.meningitidis
142,#0432FF,N.meningitidis
463,#0432FF,N.meningitidis
2863,#0432FF,N.meningitidis
777,#0432FF,N.meningitidis
1132,#0432FF,N.meningitidis
2143,#0432FF,N.meningitidis
2641,#0432FF,N.meningitidis
2759,#0432FF,N.meningitidis
397,#0432FF,N.meningitidis
247,#0432FF,N.meningitidis
2787,#0432FF,N.meningitidis
452,#FF2600,N.gonorrhoeae
1150,#FF2600,N.gonorrhoeae
1237,#0432FF,N.meningitidis
424,#FF2600,N.gonorrhoeae
352,#FF2600,N.gonorrhoeae
1933,#0432FF,N.meningitidis
1379,#FF2600,N.gonorrhoeae
889,#FF2600,N.gonorrhoeae
1131,#FF2600,N.gonorrhoeae
808,#FF2600,N.gonorrhoeae
951,#FF2600,N.gonorrhoeae
952,#FF2600,N.gonorrhoeae
370,#FF2600,N.gonorrhoeae
1089,#FF2600,N.gonorrhoeae
374,#FF2600,N.gonorrhoeae
2841,#FF2600,N.gonorrhoeae
363,#FF2600,N.gonorrhoeae
847,#FF2600,N.gonorrhoeae
330,#FF2600,N.gonorrhoeae
446,#FF2600,N.gonorrhoeae
426,#FF2600,N.gonorrhoeae
192,#FF2600,N.gonorrhoeae
421,#FF2600,N.gonorrhoeae
425,#FF2600,N.gonorrhoeae
343,#FF2600,N.gonorrhoeae
187,#00FA00,Multiple
358,#FF2600,N.gonorrhoeae
18,#00FA00,Multiple
346,#FF2600,N.gonorrhoeae
380,#FF2600,N.gonorrhoeae
888,#FF2600,N.gonorrhoeae
846,#FF2600,N.gonorrhoeae
873,#FF2600,N.gonorrhoeae
953,#FF2600,N.gonorrhoeae
375,#FF2600,N.gonorrhoeae
1386,#FF2600,N.gonorrhoeae
368,#FF2600,N.gonorrhoeae
377,#FF2600,N.gonorrhoeae
423,#FF2600,N.gonorrhoeae
340,#FF2600,N.gonorrhoeae
348,#FF2600,N.gonorrhoeae
1073,#FF2600,N.gonorrhoeae
876,#FF2600,N.gonorrhoeae
887,#FF2600,N.gonorrhoeae
13,#00FA00,Multiple
188,#FF2600,N.gonorrhoeae
451,#FF2600,N.gonorrhoeae
355,#FF2600,N.gonorrhoeae
362,#FF2600,N.gonorrhoeae
329,#FF2600,N.gonorrhoeae
884,#FF2600,N.gonorrhoeae
1423,#FF2600,N.gonorrhoeae
354,#FF2600,N.gonorrhoeae
877,#FF2600,N.gonorrhoeae
342,#FF2600,N.gonorrhoeae
963,#FF2600,N.gonorrhoeae
881,#FF2600,N.gonorrhoeae
1324,#FF2600,N.gonorrhoeae
886,#FF2600,N.gonorrhoeae
357,#FF2600,N.gonorrhoeae
809,#FF2600,N.gonorrhoeae
1074,#FF2600,N.gonorrhoeae
538,#FF2600,N.gonorrhoeae
190,#FF2600,N.gonorrhoeae
347,#FF2600,N.gonorrhoeae
378,#FF2600,N.gonorrhoeae
16,#FF2600,N.gonorrhoeae
356,#FF2600,N.gonorrhoeae
191,#FF2600,N.gonorrhoeae
365,#FF2600,N.gonorrhoeae
381,#FF2600,N.gonorrhoeae
335,#FF2600,N.gonorrhoeae
875,#FF2600,N.gonorrhoeae
353,#FF2600,N.gonorrhoeae
1924,#0432FF,N.meningitidis
880,#FF2600,N.gonorrhoeae
1481,#FF2600,N.gonorrhoeae
1326,#FF2600,N.gonorrhoeae
1146,#FF2600,N.gonorrhoeae
193,#FF2600,N.gonorrhoeae
1072,#FF2600,N.gonorrhoeae
874,#FF2600,N.gonorrhoeae
369,#FF2600,N.gonorrhoeae
882,#FF2600,N.gonorrhoeae
376,#FF2600,N.gonorrhoeae
334,#FF2600,N.gonorrhoeae
521,#FF2600,N.gonorrhoeae
361,#FF2600,N.gonorrhoeae
379,#FF2600,N.gonorrhoeae
883,#FF2600,N.gonorrhoeae
333,#FF2600,N.gonorrhoeae
19,#FF2600,N.gonorrhoeae
561,#FF2600,N.gonorrhoeae
2415,#0432FF,N.meningitidis
359,#FF2600,N.gonorrhoeae
422,#FF2600,N.gonorrhoeae
351,#FF2600,N.gonorrhoeae
1387,#FF2600,N.gonorrhoeae
12,#00FA00,Multiple
2837,#FF2600,N.gonorrhoeae
1648,#FF2600,N.gonorrhoeae
17,#00FA00,Multiple
885,#FF2600,N.gonorrhoeae
360,#FF2600,N.gonorrhoeae
427,#FF2600,N.gonorrhoeae
189,#FF2600,N.gonorrhoeae
1384,#FF2600,N.gonorrhoeae
1385,#FF2600,N.gonorrhoeae
20,#FF2600,N.gonorrhoeae
364,#FF2600,N.gonorrhoeae
447,#FF2600,N.gonorrhoeae
366,#FF2600,N.gonorrhoeae
371,#FF2600,N.gonorrhoeae
891,#FF2600,N.gonorrhoeae
1424,#FF2600,N.gonorrhoeae
436,#FF2600,N.gonorrhoeae
15,#00FA00,Multiple
2682,#0432FF,N.meningitidis
2835,#0432FF,N.meningitidis
2129,#0432FF,N.meningitidis
2001,#0432FF,N.meningitidis
473,#FF9300,N.lactamica
872,#0432FF,N.meningitidis
983,#0432FF,N.meningitidis
230,#FF9300,N.lactamica
1228,#0432FF,N.meningitidis
1425,#0432FF,N.meningitidis
868,#00FA00,Multiple
690,#FF9300,N.lactamica
551,#00FA00,Multiple
1550,#FF9300,N.lactamica
1173,#FF9300,N.lactamica
1673,#FF40FF,N.cinerea
806,#647D51,N.maigaei
1189,#FF9300,N.lactamica
2736,#0432FF,N.meningitidis
73,#FFFC00,N.bergeri
934,#FF9300,N.lactamica
1354,#0432FF,N.meningitidis
770,#FF9300,N.lactamica
1352,#0432FF,N.meningitidis
707,#00FDFF,N.polysaccharea
856,#00FDFF,N.polysaccharea
1322,#0432FF,N.meningitidis
1953,#0432FF,N.meningitidis
1353,#0432FF,N.meningitidis
1915,#0432FF,N.meningitidis
1566,#0432FF,N.meningitidis
71,#008200,N.blantyrii
2747,#0432FF,N.meningitidis
750,#FF9300,N.lactamica
920,#FF9300,N.lactamica
2857,#00FDFF,N.polysaccharea
2537,#0432FF,N.meningitidis
831,#FF9300,N.lactamica
1093,#0432FF,N.meningitidis
1251,#0432FF,N.meningitidis
448,#FF2600,N.gonorrhoeae
788,#0432FF,N.meningitidis
1572,#FF9300,N.lactamica
624,#00FA00,Multiple
2529,#0432FF,N.meningitidis
92,#00FDFF,N.polysaccharea
900,#FF9300,N.lactamica
1993,#0432FF,N.meningitidis
2735,#0432FF,N.meningitidis
918,#FF9300,N.lactamica
1152,#0432FF,N.meningitidis
708,#00FDFF,N.polysaccharea
960,#FF9300,N.lactamica
919,#FF9300,N.lactamica
1458,#FF9300,N.lactamica
1282,#0432FF,N.meningitidis
830,#FF9300,N.lactamica
311,#FF9300,N.lactamica
98,#00FA00,Multiple
1236,#FF9300,N.lactamica
568,#FF40FF,N.cinerea
723,#FF9300,N.lactamica
1350,#0432FF,N.meningitidis
1244,#0432FF,N.meningitidis
1627,#FF9300,N.lactamica
1202,#FF9300,N.lactamica
576,#FF40FF,N.cinerea
1883,#00FA00,Multiple
1358,#0432FF,N.meningitidis
407,#0432FF,N.meningitidis
1206,#FF9300,N.lactamica
1480,#FF9300,N.lactamica
1266,#00FA00,Multiple
125,#FF9300,N.lactamica
925,#FF9300,N.lactamica
1901,#FF9300,N.lactamica
2199,#FF9300,N.lactamica
727,#FF9300,N.lactamica
904,#FF9300,N.lactamica
543,#00FA00,Multiple
453,#FF2600,N.gonorrhoeae
922,#FF9300,N.lactamica
1380,#FF2600,N.gonorrhoeae
508,#FF40FF,N.cinerea
1422,#FF2600,N.gonorrhoeae
182,#00FA00,Multiple
1902,#FF2600,N.gonorrhoeae
1581,#FF9300,N.lactamica
740,#00FDFF,N.polysaccharea
646,#FF9300,N.lactamica
1303,#FF9300,N.lactamica
2320,#FF9300,N.lactamica
1243,#0432FF,N.meningitidis
823,#FF9300,N.lactamica
720,#FF9300,N.lactamica
933,#00FA00,Multiple
1175,#FF9300,N.lactamica
1547,#FF9300,N.lactamica
76,#FFFC00,N.bergeri
46,#FFFC00,N.bergeri
807,#FFFC00,N.bergeri
493,#0432FF,N.meningitidis
783,#FF9300,N.lactamica
591,#FF9300,N.lactamica
1178,#FF9300,N.lactamica
839,#FF9300,N.lactamica
1184,#FF9300,N.lactamica
2308,#FF9300,N.lactamica
5,#FF9300,N.lactamica
947,#FF9300,N.lactamica
2208,#FF9300,N.lactamica
77,#9E6694,N.viridiae
1153,#FF9300,N.lactamica
721,#FF9300,N.lactamica
715,#FF9300,N.lactamica
78,#00FDFF,N.polysaccharea
45,#00FA00,Multiple
738,#00FDFF,N.polysaccharea
1158,#FF9300,N.lactamica
120,#FF9300,N.lactamica
767,#FF9300,N.lactamica
818,#00FDFF,N.polysaccharea
1142,#0432FF,N.meningitidis
75,#00FDFF,N.polysaccharea
1472,#FF9300,N.lactamica
1186,#FF9300,N.lactamica
965,#FF9300,N.lactamica
124,#00FA00,Multiple
913,#FF9300,N.lactamica
1441,#FF9300,N.lactamica
1577,#FF9300,N.lactamica
1573,#FF9300,N.lactamica
941,#FF9300,N.lactamica
1467,#FF9300,N.lactamica
620,#FF9300,N.lactamica
83,#FF9300,N.lactamica
2313,#FF9300,N.lactamica
774,#FF9300,N.lactamica
74,#AB7942,N.benedictiae
2212,#FF9300,N.lactamica
2604,#0432FF,N.meningitidis
1170,#FF9300,N.lactamica
1159,#FF9300,N.lactamica
1198,#FF9300,N.lactamica
824,#FF9300,N.lactamica
1568,#0432FF,N.meningitidis
1196,#FF9300,N.lactamica
541,#00FDFF,N.polysaccharea
2487,#0432FF,N.meningitidis
2197,#FF9300,N.lactamica
759,#FF9300,N.lactamica
265,#0432FF,N.meningitidis
2592,#0432FF,N.meningitidis
2562,#0432FF,N.meningitidis
1209,#FF9300,N.lactamica
428,#00FDFF,N.polysaccharea
1443,#FF9300,N.lactamica
760,#FF9300,N.lactamica
1323,#0432FF,N.meningitidis
1113,#FF9300,N.lactamica
987,#0432FF,N.meningitidis
718,#FF9300,N.lactamica
1245,#0432FF,N.meningitidis
367,#FF2600,N.gonorrhoeae
949,#0432FF,N.meningitidis
844,#FF9300,N.lactamica
599,#00FA00,Multiple
1579,#FF9300,N.lactamica
1269,#FF9300,N.lactamica
1462,#FF9300,N.lactamica
97,#00FA00,Multiple
737,#0432FF,N.meningitidis
1880,#0432FF,N.meningitidis
581,#00FDFF,N.polysaccharea
1232,#FF9300,N.lactamica
1166,#FF9300,N.lactamica
1448,#FF9300,N.lactamica
956,#FF9300,N.lactamica
1569,#0432FF,N.meningitidis
2207,#FF9300,N.lactamica
978,#00FA00,Multiple
544,#0432FF,N.meningitidis
973,#00FA00,Multiple
1115,#0432FF,N.meningitidis
1370,#00FDFF,N.polysaccharea
1908,#0432FF,N.meningitidis
1154,#0432FF,N.meningitidis
1201,#FF9300,N.lactamica
1183,#FF9300,N.lactamica
741,#FF9300,N.lactamica
1233,#FF9300,N.lactamica
1169,#FF9300,N.lactamica
866,#FFFC00,N.bergeri
1378,#FF9300,N.lactamica
1343,#0432FF,N.meningitidis
1574,#FF9300,N.lactamica
909,#FF9300,N.lactamica
716,#FF9300,N.lactamica
1452,#FF9300,N.lactamica
1281,#FF9300,N.lactamica
745,#FF9300,N.lactamica
1171,#FF9300,N.lactamica
1896,#FF9300,N.lactamica
1314,#0432FF,N.meningitidis
1211,#FF9300,N.lactamica
6,#00FA00,Multiple
742,#FF9300,N.lactamica
1312,#0432FF,N.meningitidis
863,#942092,N.basseii
901,#FF9300,N.lactamica
1126,#0432FF,N.meningitidis
2721,#0432FF,N.meningitidis
1337,#0432FF,N.meningitidis
1114,#0432FF,N.meningitidis
1197,#FF9300,N.lactamica
833,#FF9300,N.lactamica
570,#0432FF,N.meningitidis
921,#FF9300,N.lactamica
402,#0432FF,N.meningitidis
1193,#FF9300,N.lactamica
601,#FF9300,N.lactamica
1306,#FF9300,N.lactamica
1182,#FF9300,N.lactamica
259,#0432FF,N.meningitidis
1205,#FF9300,N.lactamica
966,#FF9300,N.lactamica
1144,#0432FF,N.meningitidis
1111,#0432FF,N.meningitidis
603,#FF9300,N.lactamica
943,#FF9300,N.lactamica
1348,#0432FF,N.meningitidis
761,#FF9300,N.lactamica
608,#FF9300,N.lactamica
1190,#FF9300,N.lactamica
1276,#FF9300,N.lactamica
1298,#FF9300,N.lactamica
895,#0432FF,N.meningitidis
2833,#0432FF,N.meningitidis
250,#0432FF,N.meningitidis
1388,#0432FF,N.meningitidis
1349,#0432FF,N.meningitidis
907,#FF9300,N.lactamica
912,#FF9300,N.lactamica
1450,#FF9300,N.lactamica
1372,#FF40FF,N.cinerea
1284,#00FDFF,N.polysaccharea
946,#FF9300,N.lactamica
928,#FF9300,N.lactamica
1277,#FF9300,N.lactamica
842,#FF9300,N.lactamica
970,#0432FF,N.meningitidis
1134,#0432FF,N.meningitidis
178,#0432FF,N.meningitidis
465,#0432FF,N.meningitidis
596,#FF9300,N.lactamica
1267,#FF9300,N.lactamica
1469,#FF9300,N.lactamica
927,#FF9300,N.lactamica
439,#FF9300,N.lactamica
1347,#0432FF,N.meningitidis
1662,#00FDFF,N.polysaccharea
1342,#0432FF,N.meningitidis
1240,#0432FF,N.meningitidis
1123,#0432FF,N.meningitidis
935,#FF9300,N.lactamica
1461,#FF9300,N.lactamica
1283,#FF9300,N.lactamica
1121,#0432FF,N.meningitidis
1160,#FF9300,N.lactamica
1179,#FF9300,N.lactamica
763,#FF9300,N.lactamica
1575,#FF9300,N.lactamica
917,#0432FF,N.meningitidis
1583,#0432FF,N.meningitidis
1338,#0432FF,N.meningitidis
944,#FF9300,N.lactamica
816,#0432FF,N.meningitidis
1892,#FF9300,N.lactamica
717,#FF9300,N.lactamica
1136,#0432FF,N.meningitidis
1213,#FF9300,N.lactamica
655,#FF9300,N.lactamica
597,#FF9300,N.lactamica
896,#FF9300,N.lactamica
598,#FF9300,N.lactamica
898,#FF9300,N.lactamica
1165,#FF9300,N.lactamica
955,#FF9300,N.lactamica
582,#FF9300,N.lactamica
1185,#FF9300,N.lactamica
616,#FF9300,N.lactamica
2209,#FF9300,N.lactamica
910,#FF9300,N.lactamica
1275,#FF9300,N.lactamica
37,#00FA00,Multiple
1148,#0432FF,N.meningitidis
588,#FF9300,N.lactamica
782,#FF9300,N.lactamica
1161,#FF9300,N.lactamica
186,#FF9300,N.lactamica
604,#00FA00,Multiple
1544,#0432FF,N.meningitidis
1208,#FF9300,N.lactamica
936,#FF9300,N.lactamica
1893,#FF9300,N.lactamica
2211,#0432FF,N.meningitidis
1157,#FF9300,N.lactamica
586,#FF9300,N.lactamica
2301,#FF9300,N.lactamica
2198,#FF9300,N.lactamica
841,#FF9300,N.lactamica
231,#FF9300,N.lactamica
1235,#FF9300,N.lactamica
905,#FF9300,N.lactamica
445,#FF9300,N.lactamica
1571,#FF9300,N.lactamica
1900,#FF9300,N.lactamica
1268,#FF9300,N.lactamica
698,#FF9300,N.lactamica
899,#FF9300,N.lactamica
915,#FF9300,N.lactamica
1447,#FF9300,N.lactamica
1187,#FF9300,N.lactamica
747,#FF9300,N.lactamica
1313,#00FDFF,N.polysaccharea
1125,#FF9300,N.lactamica
2215,#FF9300,N.lactamica
1293,#FF9300,N.lactamica
1176,#00FDFF,N.polysaccharea
1194,#FF9300,N.lactamica
1227,#0432FF,N.meningitidis
1116,#0432FF,N.meningitidis
813,#FF9300,N.lactamica
1181,#FF9300,N.lactamica
2302,#FF9300,N.lactamica
1295,#FF9300,N.lactamica
768,#FF9300,N.lactamica
864,#FF9300,N.lactamica
893,#FFFC00,N.bergeri
2311,#FF9300,N.lactamica
64,#0432FF,N.meningitidis
926,#FF9300,N.lactamica
736,#FF9300,N.lactamica
1466,#FF9300,N.lactamica
962,#FF9300,N.lactamica
838,#FF9300,N.lactamica
1294,#FF9300,N.lactamica
1580,#FF9300,N.lactamica
858,#FF9300,N.lactamica
929,#FF9300,N.lactamica
1464,#FF9300,N.lactamica
621,#FF9300,N.lactamica
1163,#FF9300,N.lactamica
1307,#FF9300,N.lactamica
327,#0432FF,N.meningitidis
2210,#FF9300,N.lactamica
932,#FF9300,N.lactamica
607,#FF9300,N.lactamica
835,#FF9300,N.lactamica
903,#FF9300,N.lactamica
1207,#FF9300,N.lactamica
308,#FF9300,N.lactamica
2316,#FF9300,N.lactamica
748,#FF9300,N.lactamica
1440,#FF9300,N.lactamica
914,#FF9300,N.lactamica
1304,#FF9300,N.lactamica
1891,#FF9300,N.lactamica
1278,#FF9300,N.lactamica
442,#FF9300,N.lactamica
1465,#FF9300,N.lactamica
1468,#FF9300,N.lactamica
1242,#0432FF,N.meningitidis
2319,#FF9300,N.lactamica
942,#FF9300,N.lactamica
719,#FF9300,N.lactamica
746,#FF9300,N.lactamica
776,#FF9300,N.lactamica
1478,#FF9300,N.lactamica
1672,#0432FF,N.meningitidis
557,#0432FF,N.meningitidis
2580,#0432FF,N.meningitidis
1545,#FF9300,N.lactamica
1191,#0432FF,N.meningitidis
772,#FF9300,N.lactamica
757,#FF9300,N.lactamica
1241,#0432FF,N.meningitidis
724,#FF9300,N.lactamica
1339,#0432FF,N.meningitidis
623,#FF9300,N.lactamica
1138,#FF9300,N.lactamica
1453,#FF9300,N.lactamica
2097,#0432FF,N.meningitidis
579,#FF40FF,N.cinerea
1156,#FF9300,N.lactamica
571,#FF9300,N.lactamica
1180,#FF9300,N.lactamica
279,#00FA00,Multiple
2840,#0432FF,N.meningitidis
1563,#00FDFF,N.polysaccharea
2312,#FF9300,N.lactamica
1162,#00FA00,Multiple
549,#0432FF,N.meningitidis
812,#00FDFF,N.polysaccharea
1483,#FF9300,N.lactamica
1177,#FF9300,N.lactamica
1584,#0432FF,N.meningitidis
1199,#FF9300,N.lactamica
1329,#FF9300,N.lactamica
945,#FF9300,N.lactamica
1439,#FF9300,N.lactamica
611,#FF9300,N.lactamica
726,#00FA00,Multiple
564,#FF40FF,N.cinerea
2743,#0432FF,N.meningitidis
1476,#FF9300,N.lactamica
1895,#FF9300,N.lactamica
1444,#FF9300,N.lactamica
1264,#FF9300,N.lactamica
1249,#FF9300,N.lactamica
619,#FF9300,N.lactamica
1451,#FF9300,N.lactamica
1172,#FF9300,N.lactamica
610,#FF9300,N.lactamica
113,#00FA00,Multiple
595,#FF9300,N.lactamica
967,#FF9300,N.lactamica
1100,#FF9300,N.lactamica
1234,#0432FF,N.meningitidis
1520,#FF9300,N.lactamica
902,#FF9300,N.lactamica
837,#FF9300,N.lactamica
1239,#00FA00,Multiple
773,#FF9300,N.lactamica
1203,#FF9300,N.lactamica
626,#FF9300,N.lactamica
930,#FF9300,N.lactamica
940,#FF9300,N.lactamica
1273,#FF9300,N.lactamica
1296,#FF9300,N.lactamica
440,#FF9300,N.lactamica
725,#FF9300,N.lactamica
959,#FF9300,N.lactamica
121,#FF9300,N.lactamica
840,#FF9300,N.lactamica
629,#0432FF,N.meningitidis
1457,#FF9300,N.lactamica
758,#FF9300,N.lactamica
828,#FF9300,N.lactamica
123,#FF9300,N.lactamica
908,#FF9300,N.lactamica
1438,#0432FF,N.meningitidis
676,#00FA00,Multiple
1308,#FF9300,N.lactamica
1479,#FF9300,N.lactamica
957,#FF9300,N.lactamica
832,#FF9300,N.lactamica
924,#FF9300,N.lactamica
594,#FF9300,N.lactamica
1272,#FF9300,N.lactamica
1471,#FF9300,N.lactamica
122,#FF9300,N.lactamica
937,#FF9300,N.lactamica
441,#FF9300,N.lactamica
923,#FF9300,N.lactamica
1473,#FF9300,N.lactamica
444,#00FA00,Multiple
938,#FF9300,N.lactamica
1279,#FF9300,N.lactamica
1127,#0432FF,N.meningitidis
1265,#FF9300,N.lactamica
89,#00FA00,Multiple
780,#FF9300,N.lactamica
140,#0432FF,N.meningitidis
981,#FF9300,N.lactamica
1280,#FF9300,N.lactamica
1271,#FF9300,N.lactamica
906,#FF9300,N.lactamica
829,#FF9300,N.lactamica
749,#FF9300,N.lactamica
625,#FF9300,N.lactamica
1576,#FF9300,N.lactamica
825,#FF9300,N.lactamica
834,#FF9300,N.lactamica
1886,#FF9300,N.lactamica
916,#FF9300,N.lactamica
1334,#FF9300,N.lactamica
1292,#00FA00,Multiple
433,#00FDFF,N.polysaccharea
431,#00FDFF,N.polysaccharea
1564,#00FDFF,N.polysaccharea
1212,#FF9300,N.lactamica
1392,#0432FF,N.meningitidis
1246,#00FA00,Multiple
1200,#FF9300,N.lactamica
1204,#FF9300,N.lactamica
1371,#FF9300,N.lactamica
180,#00FA00,Multiple
1238,#0432FF,N.meningitidis
1270,#FF9300,N.lactamica
1507,#FF9300,N.lactamica
1120,#FFFC00,N.bergeri
119,#FF9300,N.lactamica
1475,#FF9300,N.lactamica
1214,#0432FF,N.meningitidis
1887,#FF9300,N.lactamica
1463,#FF9300,N.lactamica
1357,#0432FF,N.meningitidis
1302,#0432FF,N.meningitidis
1374,#FF9300,N.lactamica
485,#FF9300,N.lactamica
1470,#FF9300,N.lactamica
1300,#FF9300,N.lactamica
827,#FF9300,N.lactamica
589,#FF9300,N.lactamica
1449,#FF9300,N.lactamica
1139,#0432FF,N.meningitidis
1879,#FF9300,N.lactamica
982,#0432FF,N.meningitidis
762,#00FA00,Multiple
939,#FF9300,N.lactamica
1301,#FF9300,N.lactamica
1297,#FF9300,N.lactamica
1474,#FF9300,N.lactamica
628,#FF9300,N.lactamica
2214,#FF9300,N.lactamica
1456,#FF9300,N.lactamica
1446,#FF9300,N.lactamica
1174,#FF9300,N.lactamica
1477,#FF9300,N.lactamica
1454,#FF9300,N.lactamica
826,#FF9300,N.lactamica
1305,#FF9300,N.lactamica
487,#00FDFF,N.polysaccharea
443,#FF9300,N.lactamica
722,#FF9300,N.lactamica
1164,#FF9300,N.lactamica
771,#FF9300,N.lactamica
1168,#FF9300,N.lactamica
434,#FF9300,N.lactamica
958,#FF9300,N.lactamica
1253,#00FA00,Multiple
843,#FF9300,N.lactamica
1299,#FF9300,N.lactamica
565,#FF40FF,N.cinerea
836,#FF9300,N.lactamica
429,#00FA00,Multiple
1578,#FF9300,N.lactamica
1549,#FF9300,N.lactamica
1890,#FF9300,N.lactamica
1149,#00FA00,Multiple
1155,#FF9300,N.lactamica
2570,#0432FF,N.meningitidis
1426,#0432FF,N.meningitidis
2175,#0432FF,N.meningitidis
1192,#0432FF,N.meningitidis
2041,#0432FF,N.meningitidis
1585,#0432FF,N.meningitidis
1405,#0432FF,N.meningitidis
2426,#0432FF,N.meningitidis
1395,#0432FF,N.meningitidis
2583,#0432FF,N.meningitidis
1367,#0432FF,N.meningitidis
1432,#00FDFF,N.polysaccharea
500,#FF40FF,N.cinerea
302,#0432FF,N.meningitidis
954,#00FDFF,N.polysaccharea
567,#FF40FF,N.cinerea
79,#FF40FF,N.cinerea
489,#FF40FF,N.cinerea
822,#FF9300,N.lactamica
1554,#FF9300,N.lactamica
232,#FF9300,N.lactamica
1376,#FF40FF,N.cinerea
2315,#00FDFF,N.polysaccharea
234,#FF40FF,N.cinerea
488,#FF40FF,N.cinerea
1290,#FF40FF,N.cinerea
127,#FF40FF,N.cinerea
1530,#FF40FF,N.cinerea
1375,#FF40FF,N.cinerea
622,#FF40FF,N.cinerea
1291,#FF40FF,N.cinerea
1195,#FF2600,N.gonorrhoeae
91,#FF40FF,N.cinerea
2856,#00FDFF,N.polysaccharea
126,#FF40FF,N.cinerea
40,#FF40FF,N.cinerea
1535,#FF40FF,N.cinerea
38,#FF9300,N.lactamica
506,#FF40FF,N.cinerea
879,#FF40FF,N.cinerea
1516,#FF40FF,N.cinerea
892,#FF40FF,N.cinerea
1482,#00FDFF,N.polysaccharea
1517,#AABD99,N.oralis
1332,#AABD99,N.oralis
1525,#AABD99,N.oralis
1543,#AABD99,N.oralis
84,#AABD99,N.oralis
1510,#AABD99,N.oralis
1513,#AABD99,N.oralis
103,#AABD99,N.oralis
158,#AABD99,N.oralis
1532,#AABD99,N.oralis
101,#AABD99,N.oralis
563,#AABD99,N.oralis
1528,#AABD99,N.oralis
102,#C15747,N.mucosa
1556,#C15747,N.mucosa
235,#C15747,N.mucosa
484,#C15747,N.mucosa
14,#C15747,N.mucosa
236,#C15747,N.mucosa
1486,#C15747,N.mucosa
1523,#C15747,N.mucosa
1489,#C15747,N.mucosa
95,#C15747,N.mucosa
817,#C15747,N.mucosa
1495,#C15747,N.mucosa
456,#C15747,N.mucosa
870,#C15747,N.mucosa
1539,#C15747,N.mucosa
176,#C15747,N.mucosa
1519,#C15747,N.mucosa
1493,#C15747,N.mucosa
3,#C15747,N.mucosa
1500,#C15747,N.mucosa
128,#C15747,N.mucosa
486,#C15747,N.mucosa
855,#C15747,N.mucosa
39,#C15747,N.mucosa
85,#C15747,N.mucosa
1330,#C15747,N.mucosa
1522,#C15747,N.mucosa
90,#C15747,N.mucosa
82,#C15747,N.mucosa
1531,#C15747,N.mucosa
86,#C15747,N.mucosa
1496,#C15747,N.mucosa
1400,#C15747,N.mucosa
81,#C15747,N.mucosa
617,#B2B6B6,N.subflava
2201,#B2B6B6,N.subflava
1487,#B2B6B6,N.subflava
1455,#B2B6B6,N.subflava
1885,#B2B6B6,N.subflava
1897,#B2B6B6,N.subflava
99,#B2B6B6,N.subflava
1491,#B2B6B6,N.subflava
1840,#B2B6B6,N.subflava
2213,#B2B6B6,N.subflava
778,#B2B6B6,N.subflava
2321,#B2B6B6,N.subflava
2305,#B2B6B6,N.subflava
2189,#B2B6B6,N.subflava
1508,#B2B6B6,N.subflava
105,#B2B6B6,N.subflava
507,#B2B6B6,N.subflava
2233,#B2B6B6,N.subflava
1558,#B2B6B6,N.subflava
1555,#B2B6B6,N.subflava
1527,#B2B6B6,N.subflava
1492,#B2B6B6,N.subflava
1514,#B2B6B6,N.subflava
2204,#B2B6B6,N.subflava
96,#B2B6B6,N.subflava
897,#B2B6B6,N.subflava
93,#B2B6B6,N.subflava
1542,#B2B6B6,N.subflava
800,#B2B6B6,N.subflava
2843,#B2B6B6,N.subflava
779,#B2B6B6,N.subflava
961,#B2B6B6,N.subflava
159,#B2B6B6,N.subflava
87,#B2B6B6,N.subflava
1538,#B2B6B6,N.subflava
1899,#B2B6B6,N.subflava
62,#B2B6B6,N.subflava
2317,#B2B6B6,N.subflava
931,#B2B6B6,N.subflava
1888,#B2B6B6,N.subflava
2307,#B2B6B6,N.subflava
2309,#B2B6B6,N.subflava
1498,#B2B6B6,N.subflava
1188,#B2B6B6,N.subflava
2310,#B2B6B6,N.subflava
2303,#B2B6B6,N.subflava
1534,#B2B6B6,N.subflava
88,#B2B6B6,N.subflava
820,#B2B6B6,N.subflava
1511,#B2B6B6,N.subflava
1488,#B2B6B6,N.subflava
129,#B2B6B6,N.subflava
2195,#B2B6B6,N.subflava
1442,#B2B6B6,N.subflava
1512,#B2B6B6,N.subflava
1505,#B2B6B6,N.subflava
179,#B2B6B6,N.subflava
2314,#B2B6B6,N.subflava
2203,#B2B6B6,N.subflava
1526,#B2B6B6,N.subflava
968,#B2B6B6,N.subflava
618,#B2B6B6,N.subflava
600,#B2B6B6,N.subflava
1540,#B2B6B6,N.subflava
1541,#B2B6B6,N.subflava
735,#B2B6B6,N.subflava
1515,#B2B6B6,N.subflava
2191,#B2B6B6,N.subflava
1533,#B2B6B6,N.subflava
1333,#B2B6B6,N.subflava
1497,#B2B6B6,N.subflava
2230,#B2B6B6,N.subflava
1889,#B2B6B6,N.subflava
1882,#B2B6B6,N.subflava
2206,#B2B6B6,N.subflava
1331,#B2B6B6,N.subflava
1898,#B2B6B6,N.subflava
612,#B2B6B6,N.subflava
613,#B2B6B6,N.subflava
614,#B2B6B6,N.subflava
1518,#B2B6B6,N.subflava
100,#B2B6B6,N.subflava
566,#B2B6B6,N.subflava
1536,#B2B6B6,N.subflava
1537,#B2B6B6,N.subflava
764,#B2B6B6,N.subflava
1894,#B2B6B6,N.subflava
1499,#B2B6B6,N.subflava
1445,#B2B6B6,N.subflava
1490,#B2B6B6,N.subflava
1509,#B2B6B6,N.subflava
1167,#B2B6B6,N.subflava
781,#B2B6B6,N.subflava
2196,#B2B6B6,N.subflava
1133,#B2B6B6,N.subflava
1504,#B2B6B6,N.subflava
821,#B2B6B6,N.subflava
2205,#B2B6B6,N.subflava
1506,#B2B6B6,N.subflava
2200,#B2B6B6,N.subflava
1650,#B2B6B6,N.subflava
2304,#B2B6B6,N.subflava
237,#B2B6B6,N.subflava
1502,#B2B6B6,N.subflava
869,#B2B6B6,N.subflava
2318,#B2B6B6,N.subflava
2306,#B2B6B6,N.subflava
1776,#B2B6B6,N.subflava
845,#B2B6B6,N.subflava
1501,#B2B6B6,N.subflava
80,#B2B6B6,N.subflava
1529,#B2B6B6,N.subflava
2202,#B2B6B6,N.subflava
1503,#B2B6B6,N.subflava
1521,#B2B6B6,N.subflava
1494,#B2B6B6,N.subflava
520,#B2B6B6,N.subflava
1524,#B2B6B6,N.subflava
