NEIS1635,Colour,Label
1008,#C5D8D9,Neisseria Data
67,#C5D8D9,Neisseria Data
2053,#C5D8D9,Neisseria Data
1325,#C5D8D9,Neisseria Data
2096,#C5D8D9,Neisseria Data
518,#C5D8D9,Neisseria Data
2613,#C5D8D9,Neisseria Data
410,#C5D8D9,Neisseria Data
1018,#C5D8D9,Neisseria Data
2811,#C5D8D9,Neisseria Data
2220,#C5D8D9,Neisseria Data
765,#C5D8D9,Neisseria Data
2602,#C5D8D9,Neisseria Data
2109,#C5D8D9,Neisseria Data
1003,#C5D8D9,Neisseria Data
226,#C5D8D9,Neisseria Data
1978,#C5D8D9,Neisseria Data
32,#C5D8D9,Neisseria Data
2681,#C5D8D9,Neisseria Data
569,#C5D8D9,Neisseria Data
2788,#C5D8D9,Neisseria Data
2624,#C5D8D9,Neisseria Data
2554,#C5D8D9,Neisseria Data
751,#C5D8D9,Neisseria Data
2581,#C5D8D9,Neisseria Data
550,#C5D8D9,Neisseria Data
2394,#C5D8D9,Neisseria Data
336,#C5D8D9,Neisseria Data
2059,#C5D8D9,Neisseria Data
249,#C5D8D9,Neisseria Data
2393,#C5D8D9,Neisseria Data
2832,#C5D8D9,Neisseria Data
1044,#C5D8D9,Neisseria Data
2569,#C5D8D9,Neisseria Data
2590,#C5D8D9,Neisseria Data
481,#C5D8D9,Neisseria Data
2084,#C5D8D9,Neisseria Data
1068,#C5D8D9,Neisseria Data
2528,#C5D8D9,Neisseria Data
2722,#C5D8D9,Neisseria Data
2683,#C5D8D9,Neisseria Data
2748,#C5D8D9,Neisseria Data
30,#C5D8D9,Neisseria Data
2217,#C5D8D9,Neisseria Data
2135,#C5D8D9,Neisseria Data
2757,#C5D8D9,Neisseria Data
2628,#C5D8D9,Neisseria Data
514,#C5D8D9,Neisseria Data
729,#C5D8D9,Neisseria Data
219,#C5D8D9,Neisseria Data
2579,#C5D8D9,Neisseria Data
584,#C5D8D9,Neisseria Data
2800,#C5D8D9,Neisseria Data
546,#C5D8D9,Neisseria Data
2762,#C5D8D9,Neisseria Data
4,#C5D8D9,Neisseria Data
2131,#C5D8D9,Neisseria Data
2744,#C5D8D9,Neisseria Data
2555,#C5D8D9,Neisseria Data
2405,#C5D8D9,Neisseria Data
1904,#C5D8D9,Neisseria Data
2371,#C5D8D9,Neisseria Data
583,#C5D8D9,Neisseria Data
2539,#C5D8D9,Neisseria Data
2605,#C5D8D9,Neisseria Data
731,#C5D8D9,Neisseria Data
2774,#C5D8D9,Neisseria Data
1923,#C5D8D9,Neisseria Data
413,#C5D8D9,Neisseria Data
2674,#C5D8D9,Neisseria Data
744,#C5D8D9,Neisseria Data
34,#C5D8D9,Neisseria Data
2642,#C5D8D9,Neisseria Data
222,#C5D8D9,Neisseria Data
156,#C5D8D9,Neisseria Data
322,#C5D8D9,Neisseria Data
137,#C5D8D9,Neisseria Data
278,#C5D8D9,Neisseria Data
1903,#C5D8D9,Neisseria Data
165,#C5D8D9,Neisseria Data
157,#C5D8D9,Neisseria Data
2174,#C5D8D9,Neisseria Data
287,#C5D8D9,Neisseria Data
2578,#C5D8D9,Neisseria Data
2475,#C5D8D9,Neisseria Data
1922,#C5D8D9,Neisseria Data
209,#C5D8D9,Neisseria Data
2396,#C5D8D9,Neisseria Data
2364,#C5D8D9,Neisseria Data
2390,#C5D8D9,Neisseria Data
214,#C5D8D9,Neisseria Data
261,#C5D8D9,Neisseria Data
301,#C5D8D9,Neisseria Data
10,#C5D8D9,Neisseria Data
494,#C5D8D9,Neisseria Data
460,#C5D8D9,Neisseria Data
2807,#C5D8D9,Neisseria Data
2497,#C5D8D9,Neisseria Data
164,#C5D8D9,Neisseria Data
577,#C5D8D9,Neisseria Data
2786,#C5D8D9,Neisseria Data
2042,#C5D8D9,Neisseria Data
383,#C5D8D9,Neisseria Data
2095,#C5D8D9,Neisseria Data
454,#C5D8D9,Neisseria Data
391,#C5D8D9,Neisseria Data
285,#C5D8D9,Neisseria Data
160,#C5D8D9,Neisseria Data
54,#C5D8D9,Neisseria Data
2060,#C5D8D9,Neisseria Data
499,#C5D8D9,Neisseria Data
496,#C5D8D9,Neisseria Data
131,#C5D8D9,Neisseria Data
253,#C5D8D9,Neisseria Data
1052,#C5D8D9,Neisseria Data
332,#C5D8D9,Neisseria Data
509,#C5D8D9,Neisseria Data
1030,#C5D8D9,Neisseria Data
25,#C5D8D9,Neisseria Data
787,#C5D8D9,Neisseria Data
244,#C5D8D9,Neisseria Data
2439,#C5D8D9,Neisseria Data
536,#C5D8D9,Neisseria Data
149,#C5D8D9,Neisseria Data
2571,#C5D8D9,Neisseria Data
2626,#C5D8D9,Neisseria Data
26,#C5D8D9,Neisseria Data
2625,#C5D8D9,Neisseria Data
408,#C5D8D9,Neisseria Data
61,#C5D8D9,Neisseria Data
2584,#C5D8D9,Neisseria Data
2738,#C5D8D9,Neisseria Data
2705,#C5D8D9,Neisseria Data
2358,#C5D8D9,Neisseria Data
2035,#C5D8D9,Neisseria Data
328,#C5D8D9,Neisseria Data
396,#C5D8D9,Neisseria Data
2644,#C5D8D9,Neisseria Data
2614,#C5D8D9,Neisseria Data
134,#C5D8D9,Neisseria Data
2576,#C5D8D9,Neisseria Data
1082,#C5D8D9,Neisseria Data
1027,#C5D8D9,Neisseria Data
262,#C5D8D9,Neisseria Data
1949,#C5D8D9,Neisseria Data
2582,#C5D8D9,Neisseria Data
739,#C5D8D9,Neisseria Data
2444,#C5D8D9,Neisseria Data
1960,#C5D8D9,Neisseria Data
2553,#C5D8D9,Neisseria Data
1042,#C5D8D9,Neisseria Data
2105,#C5D8D9,Neisseria Data
1565,#C5D8D9,Neisseria Data
542,#C5D8D9,Neisseria Data
1940,#C5D8D9,Neisseria Data
513,#C5D8D9,Neisseria Data
2561,#C5D8D9,Neisseria Data
2769,#C5D8D9,Neisseria Data
1066,#C5D8D9,Neisseria Data
2441,#C5D8D9,Neisseria Data
304,#C5D8D9,Neisseria Data
283,#C5D8D9,Neisseria Data
1225,#C5D8D9,Neisseria Data
2513,#C5D8D9,Neisseria Data
1274,#C5D8D9,Neisseria Data
911,#C5D8D9,Neisseria Data
964,#C5D8D9,Neisseria Data
609,#C5D8D9,Neisseria Data
2798,#C5D8D9,Neisseria Data
2536,#C5D8D9,Neisseria Data
1976,#C5D8D9,Neisseria Data
345,#C5D8D9,Neisseria Data
331,#C5D8D9,Neisseria Data
432,#C5D8D9,Neisseria Data
1020,#C5D8D9,Neisseria Data
1054,#C5D8D9,Neisseria Data
2229,#C5D8D9,Neisseria Data
2834,#C5D8D9,Neisseria Data
2727,#C5D8D9,Neisseria Data
2612,#C5D8D9,Neisseria Data
1956,#C5D8D9,Neisseria Data
2675,#C5D8D9,Neisseria Data
2621,#C5D8D9,Neisseria Data
1011,#C5D8D9,Neisseria Data
2437,#C5D8D9,Neisseria Data
417,#C5D8D9,Neisseria Data
2717,#C5D8D9,Neisseria Data
1981,#C5D8D9,Neisseria Data
2710,#C5D8D9,Neisseria Data
2813,#C5D8D9,Neisseria Data
2107,#C5D8D9,Neisseria Data
2640,#C5D8D9,Neisseria Data
1016,#C5D8D9,Neisseria Data
2134,#C5D8D9,Neisseria Data
117,#C5D8D9,Neisseria Data
606,#C5D8D9,Neisseria Data
605,#C5D8D9,Neisseria Data
2572,#C5D8D9,Neisseria Data
2057,#C5D8D9,Neisseria Data
2467,#C5D8D9,Neisseria Data
112,#C5D8D9,Neisseria Data
2400,#C5D8D9,Neisseria Data
114,#C5D8D9,Neisseria Data
2387,#C5D8D9,Neisseria Data
2401,#C5D8D9,Neisseria Data
2631,#C5D8D9,Neisseria Data
462,#C5D8D9,Neisseria Data
2797,#C5D8D9,Neisseria Data
2549,#C5D8D9,Neisseria Data
2495,#C5D8D9,Neisseria Data
350,#C5D8D9,Neisseria Data
1084,#C5D8D9,Neisseria Data
171,#C5D8D9,Neisseria Data
1912,#C5D8D9,Neisseria Data
862,#C5D8D9,Neisseria Data
755,#C5D8D9,Neisseria Data
216,#C5D8D9,Neisseria Data
2000,#C5D8D9,Neisseria Data
1559,#C5D8D9,Neisseria Data
2673,#C5D8D9,Neisseria Data
2594,#C5D8D9,Neisseria Data
2754,#C5D8D9,Neisseria Data
1040,#C5D8D9,Neisseria Data
282,#C5D8D9,Neisseria Data
592,#C5D8D9,Neisseria Data
2100,#C5D8D9,Neisseria Data
2146,#C5D8D9,Neisseria Data
798,#C5D8D9,Neisseria Data
2469,#C5D8D9,Neisseria Data
2836,#C5D8D9,Neisseria Data
2660,#C5D8D9,Neisseria Data
2367,#C5D8D9,Neisseria Data
2632,#C5D8D9,Neisseria Data
2551,#C5D8D9,Neisseria Data
2185,#C5D8D9,Neisseria Data
2136,#C5D8D9,Neisseria Data
2752,#C5D8D9,Neisseria Data
208,#C5D8D9,Neisseria Data
2560,#C5D8D9,Neisseria Data
2825,#C5D8D9,Neisseria Data
467,#C5D8D9,Neisseria Data
2188,#C5D8D9,Neisseria Data
337,#C5D8D9,Neisseria Data
1053,#C5D8D9,Neisseria Data
241,#C5D8D9,Neisseria Data
786,#C5D8D9,Neisseria Data
47,#C5D8D9,Neisseria Data
2521,#C5D8D9,Neisseria Data
11,#C5D8D9,Neisseria Data
2071,#C5D8D9,Neisseria Data
2404,#C5D8D9,Neisseria Data
2392,#C5D8D9,Neisseria Data
2476,#C5D8D9,Neisseria Data
2694,#C5D8D9,Neisseria Data
2414,#C5D8D9,Neisseria Data
1223,#C5D8D9,Neisseria Data
264,#C5D8D9,Neisseria Data
784,#C5D8D9,Neisseria Data
199,#C5D8D9,Neisseria Data
732,#C5D8D9,Neisseria Data
1010,#C5D8D9,Neisseria Data
505,#C5D8D9,Neisseria Data
458,#C5D8D9,Neisseria Data
2666,#C5D8D9,Neisseria Data
272,#C5D8D9,Neisseria Data
2026,#C5D8D9,Neisseria Data
537,#C5D8D9,Neisseria Data
66,#C5D8D9,Neisseria Data
2474,#C5D8D9,Neisseria Data
132,#C5D8D9,Neisseria Data
403,#C5D8D9,Neisseria Data
1984,#C5D8D9,Neisseria Data
2193,#C5D8D9,Neisseria Data
2732,#C5D8D9,Neisseria Data
2080,#C5D8D9,Neisseria Data
1229,#C5D8D9,Neisseria Data
227,#C5D8D9,Neisseria Data
2005,#C5D8D9,Neisseria Data
531,#C5D8D9,Neisseria Data
2814,#C5D8D9,Neisseria Data
2739,#C5D8D9,Neisseria Data
2141,#C5D8D9,Neisseria Data
2544,#C5D8D9,Neisseria Data
472,#C5D8D9,Neisseria Data
2384,#C5D8D9,Neisseria Data
172,#C5D8D9,Neisseria Data
2726,#C5D8D9,Neisseria Data
2484,#C5D8D9,Neisseria Data
1039,#C5D8D9,Neisseria Data
2375,#C5D8D9,Neisseria Data
2712,#C5D8D9,Neisseria Data
225,#C5D8D9,Neisseria Data
48,#C5D8D9,Neisseria Data
769,#C5D8D9,Neisseria Data
2369,#C5D8D9,Neisseria Data
728,#C5D8D9,Neisseria Data
2504,#C5D8D9,Neisseria Data
572,#C5D8D9,Neisseria Data
1336,#C5D8D9,Neisseria Data
68,#C5D8D9,Neisseria Data
139,#C5D8D9,Neisseria Data
2047,#C5D8D9,Neisseria Data
212,#C5D8D9,Neisseria Data
482,#C5D8D9,Neisseria Data
2597,#C5D8D9,Neisseria Data
1059,#C5D8D9,Neisseria Data
1012,#C5D8D9,Neisseria Data
2648,#C5D8D9,Neisseria Data
1943,#C5D8D9,Neisseria Data
1080,#C5D8D9,Neisseria Data
2151,#C5D8D9,Neisseria Data
2577,#C5D8D9,Neisseria Data
1077,#C5D8D9,Neisseria Data
35,#C5D8D9,Neisseria Data
1966,#C5D8D9,Neisseria Data
270,#C5D8D9,Neisseria Data
255,#C5D8D9,Neisseria Data
1026,#C5D8D9,Neisseria Data
1932,#C5D8D9,Neisseria Data
2054,#C5D8D9,Neisseria Data
2600,#C5D8D9,Neisseria Data
1918,#C5D8D9,Neisseria Data
2719,#C5D8D9,Neisseria Data
2481,#C5D8D9,Neisseria Data
2140,#C5D8D9,Neisseria Data
635,#C5D8D9,Neisseria Data
198,#C5D8D9,Neisseria Data
1964,#C5D8D9,Neisseria Data
233,#C5D8D9,Neisseria Data
168,#C5D8D9,Neisseria Data
44,#C5D8D9,Neisseria Data
2499,#C5D8D9,Neisseria Data
2695,#C5D8D9,Neisseria Data
1916,#C5D8D9,Neisseria Data
107,#C5D8D9,Neisseria Data
529,#C5D8D9,Neisseria Data
313,#C5D8D9,Neisseria Data
152,#C5D8D9,Neisseria Data
2077,#C5D8D9,Neisseria Data
948,#C5D8D9,Neisseria Data
449,#C5D8D9,Neisseria Data
539,#C5D8D9,Neisseria Data
890,#C5D8D9,Neisseria Data
194,#C5D8D9,Neisseria Data
2679,#C5D8D9,Neisseria Data
2070,#C5D8D9,Neisseria Data
2772,#C5D8D9,Neisseria Data
65,#C5D8D9,Neisseria Data
400,#C5D8D9,Neisseria Data
2672,#C5D8D9,Neisseria Data
2596,#C5D8D9,Neisseria Data
175,#C5D8D9,Neisseria Data
517,#C5D8D9,Neisseria Data
169,#C5D8D9,Neisseria Data
2540,#C5D8D9,Neisseria Data
267,#C5D8D9,Neisseria Data
1980,#C5D8D9,Neisseria Data
412,#C5D8D9,Neisseria Data
2678,#C5D8D9,Neisseria Data
323,#C5D8D9,Neisseria Data
1071,#C5D8D9,Neisseria Data
1944,#C5D8D9,Neisseria Data
985,#C5D8D9,Neisseria Data
2831,#C5D8D9,Neisseria Data
31,#C5D8D9,Neisseria Data
2753,#C5D8D9,Neisseria Data
2094,#C5D8D9,Neisseria Data
1985,#C5D8D9,Neisseria Data
1019,#C5D8D9,Neisseria Data
1285,#C5D8D9,Neisseria Data
2635,#C5D8D9,Neisseria Data
273,#C5D8D9,Neisseria Data
205,#C5D8D9,Neisseria Data
1997,#C5D8D9,Neisseria Data
2729,#C5D8D9,Neisseria Data
2773,#C5D8D9,Neisseria Data
2623,#C5D8D9,Neisseria Data
109,#C5D8D9,Neisseria Data
2704,#C5D8D9,Neisseria Data
2436,#C5D8D9,Neisseria Data
1919,#C5D8D9,Neisseria Data
258,#C5D8D9,Neisseria Data
501,#C5D8D9,Neisseria Data
2808,#C5D8D9,Neisseria Data
2821,#C5D8D9,Neisseria Data
321,#C5D8D9,Neisseria Data
1001,#C5D8D9,Neisseria Data
574,#C5D8D9,Neisseria Data
2063,#C5D8D9,Neisseria Data
2563,#C5D8D9,Neisseria Data
2133,#C5D8D9,Neisseria Data
398,#C5D8D9,Neisseria Data
476,#C5D8D9,Neisseria Data
1926,#C5D8D9,Neisseria Data
1341,#C5D8D9,Neisseria Data
1075,#C5D8D9,Neisseria Data
792,#C5D8D9,Neisseria Data
430,#C5D8D9,Neisseria Data
256,#C5D8D9,Neisseria Data
2378,#C5D8D9,Neisseria Data
2130,#C5D8D9,Neisseria Data
2187,#C5D8D9,Neisseria Data
49,#C5D8D9,Neisseria Data
2733,#C5D8D9,Neisseria Data
495,#C5D8D9,Neisseria Data
2697,#C5D8D9,Neisseria Data
516,#C5D8D9,Neisseria Data
756,#C5D8D9,Neisseria Data
2430,#C5D8D9,Neisseria Data
2336,#C5D8D9,Neisseria Data
2386,#C5D8D9,Neisseria Data
852,#C5D8D9,Neisseria Data
266,#C5D8D9,Neisseria Data
2389,#C5D8D9,Neisseria Data
1973,#C5D8D9,Neisseria Data
50,#C5D8D9,Neisseria Data
2049,#C5D8D9,Neisseria Data
344,#C5D8D9,Neisseria Data
1991,#C5D8D9,Neisseria Data
1945,#C5D8D9,Neisseria Data
2588,#C5D8D9,Neisseria Data
2402,#C5D8D9,Neisseria Data
1000,#C5D8D9,Neisseria Data
170,#C5D8D9,Neisseria Data
2337,#C5D8D9,Neisseria Data
2643,#C5D8D9,Neisseria Data
2359,#C5D8D9,Neisseria Data
2763,#C5D8D9,Neisseria Data
2171,#C5D8D9,Neisseria Data
2048,#C5D8D9,Neisseria Data
2638,#C5D8D9,Neisseria Data
1058,#C5D8D9,Neisseria Data
2399,#C5D8D9,Neisseria Data
409,#C5D8D9,Neisseria Data
116,#C5D8D9,Neisseria Data
2170,#C5D8D9,Neisseria Data
269,#C5D8D9,Neisseria Data
2480,#C5D8D9,Neisseria Data
2820,#C5D8D9,Neisseria Data
2416,#C5D8D9,Neisseria Data
2518,#C5D8D9,Neisseria Data
1967,#C5D8D9,Neisseria Data
2016,#C5D8D9,Neisseria Data
2619,#C5D8D9,Neisseria Data
161,#C5D8D9,Neisseria Data
2073,#C5D8D9,Neisseria Data
461,#C5D8D9,Neisseria Data
2634,#C5D8D9,Neisseria Data
220,#C5D8D9,Neisseria Data
794,#C5D8D9,Neisseria Data
1031,#C5D8D9,Neisseria Data
2649,#C5D8D9,Neisseria Data
2639,#C5D8D9,Neisseria Data
56,#C5D8D9,Neisseria Data
111,#C5D8D9,Neisseria Data
2440,#C5D8D9,Neisseria Data
280,#C5D8D9,Neisseria Data
498,#C5D8D9,Neisseria Data
2687,#C5D8D9,Neisseria Data
515,#C5D8D9,Neisseria Data
2483,#C5D8D9,Neisseria Data
504,#C5D8D9,Neisseria Data
1078,#C5D8D9,Neisseria Data
2473,#C5D8D9,Neisseria Data
2803,#C5D8D9,Neisseria Data
2425,#C5D8D9,Neisseria Data
2372,#C5D8D9,Neisseria Data
1938,#C5D8D9,Neisseria Data
2822,#C5D8D9,Neisseria Data
2427,#C5D8D9,Neisseria Data
2339,#C5D8D9,Neisseria Data
2689,#C5D8D9,Neisseria Data
2636,#C5D8D9,Neisseria Data
1069,#C5D8D9,Neisseria Data
2599,#C5D8D9,Neisseria Data
2802,#C5D8D9,Neisseria Data
2373,#C5D8D9,Neisseria Data
221,#C5D8D9,Neisseria Data
2692,#C5D8D9,Neisseria Data
326,#C5D8D9,Neisseria Data
2506,#C5D8D9,Neisseria Data
2452,#C5D8D9,Neisseria Data
2118,#C5D8D9,Neisseria Data
1947,#C5D8D9,Neisseria Data
276,#C5D8D9,Neisseria Data
789,#C5D8D9,Neisseria Data
2127,#C5D8D9,Neisseria Data
2548,#C5D8D9,Neisseria Data
2755,#C5D8D9,Neisseria Data
155,#C5D8D9,Neisseria Data
110,#C5D8D9,Neisseria Data
1005,#C5D8D9,Neisseria Data
2376,#C5D8D9,Neisseria Data
2429,#C5D8D9,Neisseria Data
115,#C5D8D9,Neisseria Data
527,#C5D8D9,Neisseria Data
300,#C5D8D9,Neisseria Data
2398,#C5D8D9,Neisseria Data
9,#C5D8D9,Neisseria Data
2428,#C5D8D9,Neisseria Data
183,#C5D8D9,Neisseria Data
2159,#C5D8D9,Neisseria Data
799,#C5D8D9,Neisseria Data
2768,#C5D8D9,Neisseria Data
2424,#C5D8D9,Neisseria Data
268,#C5D8D9,Neisseria Data
2431,#C5D8D9,Neisseria Data
1050,#C5D8D9,Neisseria Data
2451,#C5D8D9,Neisseria Data
2680,#C5D8D9,Neisseria Data
796,#C5D8D9,Neisseria Data
2637,#C5D8D9,Neisseria Data
2686,#C5D8D9,Neisseria Data
319,#C5D8D9,Neisseria Data
248,#C5D8D9,Neisseria Data
988,#C5D8D9,Neisseria Data
1085,#C5D8D9,Neisseria Data
2139,#C5D8D9,Neisseria Data
2341,#C5D8D9,Neisseria Data
254,#C5D8D9,Neisseria Data
286,#C5D8D9,Neisseria Data
373,#C5D8D9,Neisseria Data
2706,#C5D8D9,Neisseria Data
2522,#C5D8D9,Neisseria Data
2216,#C5D8D9,Neisseria Data
2145,#C5D8D9,Neisseria Data
2665,#C5D8D9,Neisseria Data
52,#C5D8D9,Neisseria Data
51,#C5D8D9,Neisseria Data
2507,#C5D8D9,Neisseria Data
2533,#C5D8D9,Neisseria Data
213,#C5D8D9,Neisseria Data
2138,#C5D8D9,Neisseria Data
2595,#C5D8D9,Neisseria Data
55,#C5D8D9,Neisseria Data
2149,#C5D8D9,Neisseria Data
2154,#C5D8D9,Neisseria Data
388,#C5D8D9,Neisseria Data
545,#C5D8D9,Neisseria Data
1906,#C5D8D9,Neisseria Data
2,#C5D8D9,Neisseria Data
2546,#C5D8D9,Neisseria Data
2830,#C5D8D9,Neisseria Data
43,#C5D8D9,Neisseria Data
2368,#C5D8D9,Neisseria Data
2102,#C5D8D9,Neisseria Data
1015,#C5D8D9,Neisseria Data
2805,#C5D8D9,Neisseria Data
455,#C5D8D9,Neisseria Data
2531,#C5D8D9,Neisseria Data
174,#C5D8D9,Neisseria Data
387,#C5D8D9,Neisseria Data
2627,#C5D8D9,Neisseria Data
185,#C5D8D9,Neisseria Data
22,#C5D8D9,Neisseria Data
167,#C5D8D9,Neisseria Data
2765,#C5D8D9,Neisseria Data
339,#C5D8D9,Neisseria Data
2434,#C5D8D9,Neisseria Data
184,#C5D8D9,Neisseria Data
2589,#C5D8D9,Neisseria Data
2382,#C5D8D9,Neisseria Data
2720,#C5D8D9,Neisseria Data
2609,#C5D8D9,Neisseria Data
2144,#C5D8D9,Neisseria Data
2775,#C5D8D9,Neisseria Data
585,#C5D8D9,Neisseria Data
394,#C5D8D9,Neisseria Data
2586,#C5D8D9,Neisseria Data
526,#C5D8D9,Neisseria Data
1023,#C5D8D9,Neisseria Data
2745,#C5D8D9,Neisseria Data
530,#C5D8D9,Neisseria Data
1009,#C5D8D9,Neisseria Data
1036,#C5D8D9,Neisseria Data
2397,#C5D8D9,Neisseria Data
2606,#C5D8D9,Neisseria Data
2543,#C5D8D9,Neisseria Data
148,#C5D8D9,Neisseria Data
2742,#C5D8D9,Neisseria Data
2737,#C5D8D9,Neisseria Data
2093,#C5D8D9,Neisseria Data
2508,#C5D8D9,Neisseria Data
229,#C5D8D9,Neisseria Data
2598,#C5D8D9,Neisseria Data
2698,#C5D8D9,Neisseria Data
385,#C5D8D9,Neisseria Data
53,#C5D8D9,Neisseria Data
815,#C5D8D9,Neisseria Data
2608,#C5D8D9,Neisseria Data
814,#C5D8D9,Neisseria Data
2114,#C5D8D9,Neisseria Data
392,#C5D8D9,Neisseria Data
1046,#C5D8D9,Neisseria Data
2530,#C5D8D9,Neisseria Data
305,#C5D8D9,Neisseria Data
2541,#C5D8D9,Neisseria Data
1017,#C5D8D9,Neisseria Data
2534,#C5D8D9,Neisseria Data
602,#C5D8D9,Neisseria Data
2793,#C5D8D9,Neisseria Data
528,#C5D8D9,Neisseria Data
438,#C5D8D9,Neisseria Data
2524,#C5D8D9,Neisseria Data
2532,#C5D8D9,Neisseria Data
1062,#C5D8D9,Neisseria Data
1063,#C5D8D9,Neisseria Data
459,#C5D8D9,Neisseria Data
636,#C5D8D9,Neisseria Data
133,#C5D8D9,Neisseria Data
2527,#C5D8D9,Neisseria Data
2413,#C5D8D9,Neisseria Data
548,#C5D8D9,Neisseria Data
2746,#C5D8D9,Neisseria Data
743,#C5D8D9,Neisseria Data
2455,#C5D8D9,Neisseria Data
996,#C5D8D9,Neisseria Data
141,#C5D8D9,Neisseria Data
2519,#C5D8D9,Neisseria Data
2454,#C5D8D9,Neisseria Data
479,#C5D8D9,Neisseria Data
1996,#C5D8D9,Neisseria Data
315,#C5D8D9,Neisseria Data
2622,#C5D8D9,Neisseria Data
42,#C5D8D9,Neisseria Data
310,#C5D8D9,Neisseria Data
418,#C5D8D9,Neisseria Data
309,#C5D8D9,Neisseria Data
1921,#C5D8D9,Neisseria Data
393,#C5D8D9,Neisseria Data
2630,#C5D8D9,Neisseria Data
2526,#C5D8D9,Neisseria Data
2591,#C5D8D9,Neisseria Data
554,#C5D8D9,Neisseria Data
2169,#C5D8D9,Neisseria Data
2092,#C5D8D9,Neisseria Data
2750,#C5D8D9,Neisseria Data
555,#C5D8D9,Neisseria Data
416,#C5D8D9,Neisseria Data
2356,#C5D8D9,Neisseria Data
793,#C5D8D9,Neisseria Data
1977,#C5D8D9,Neisseria Data
386,#C5D8D9,Neisseria Data
2523,#C5D8D9,Neisseria Data
41,#C5D8D9,Neisseria Data
754,#C5D8D9,Neisseria Data
593,#C5D8D9,Neisseria Data
1942,#C5D8D9,Neisseria Data
1033,#C5D8D9,Neisseria Data
1,#C5D8D9,Neisseria Data
766,#C5D8D9,Neisseria Data
510,#C5D8D9,Neisseria Data
320,#C5D8D9,Neisseria Data
224,#C5D8D9,Neisseria Data
2024,#C5D8D9,Neisseria Data
384,#C5D8D9,Neisseria Data
2164,#C5D8D9,Neisseria Data
317,#C5D8D9,Neisseria Data
2542,#C5D8D9,Neisseria Data
2509,#C5D8D9,Neisseria Data
1056,#C5D8D9,Neisseria Data
1091,#C5D8D9,Neisseria Data
1941,#C5D8D9,Neisseria Data
2461,#C5D8D9,Neisseria Data
2510,#C5D8D9,Neisseria Data
2607,#C5D8D9,Neisseria Data
1990,#C5D8D9,Neisseria Data
306,#C5D8D9,Neisseria Data
314,#C5D8D9,Neisseria Data
138,#C5D8D9,Neisseria Data
2505,#C5D8D9,Neisseria Data
307,#C5D8D9,Neisseria Data
2388,#C5D8D9,Neisseria Data
2478,#C5D8D9,Neisseria Data
2349,#C5D8D9,Neisseria Data
316,#C5D8D9,Neisseria Data
497,#C5D8D9,Neisseria Data
217,#C5D8D9,Neisseria Data
303,#C5D8D9,Neisseria Data
1092,#C5D8D9,Neisseria Data
2617,#C5D8D9,Neisseria Data
2357,#C5D8D9,Neisseria Data
2380,#C5D8D9,Neisseria Data
281,#C5D8D9,Neisseria Data
511,#C5D8D9,Neisseria Data
997,#C5D8D9,Neisseria Data
2104,#C5D8D9,Neisseria Data
204,#C5D8D9,Neisseria Data
1948,#C5D8D9,Neisseria Data
2764,#C5D8D9,Neisseria Data
1965,#C5D8D9,Neisseria Data
590,#C5D8D9,Neisseria Data
2801,#C5D8D9,Neisseria Data
775,#C5D8D9,Neisseria Data
2573,#C5D8D9,Neisseria Data
2601,#C5D8D9,Neisseria Data
2567,#C5D8D9,Neisseria Data
2381,#C5D8D9,Neisseria Data
562,#C5D8D9,Neisseria Data
2142,#C5D8D9,Neisseria Data
1988,#C5D8D9,Neisseria Data
1048,#C5D8D9,Neisseria Data
2115,#C5D8D9,Neisseria Data
2033,#C5D8D9,Neisseria Data
556,#C5D8D9,Neisseria Data
2488,#C5D8D9,Neisseria Data
7,#C5D8D9,Neisseria Data
2438,#C5D8D9,Neisseria Data
578,#C5D8D9,Neisseria Data
2432,#C5D8D9,Neisseria Data
1934,#C5D8D9,Neisseria Data
752,#C5D8D9,Neisseria Data
2618,#C5D8D9,Neisseria Data
135,#C5D8D9,Neisseria Data
2512,#C5D8D9,Neisseria Data
2385,#C5D8D9,Neisseria Data
29,#C5D8D9,Neisseria Data
1055,#C5D8D9,Neisseria Data
1927,#C5D8D9,Neisseria Data
414,#C5D8D9,Neisseria Data
2503,#C5D8D9,Neisseria Data
36,#C5D8D9,Neisseria Data
181,#C5D8D9,Neisseria Data
1057,#C5D8D9,Neisseria Data
2633,#C5D8D9,Neisseria Data
341,#C5D8D9,Neisseria Data
1951,#C5D8D9,Neisseria Data
2516,#C5D8D9,Neisseria Data
28,#C5D8D9,Neisseria Data
512,#C5D8D9,Neisseria Data
534,#C5D8D9,Neisseria Data
2056,#C5D8D9,Neisseria Data
2610,#C5D8D9,Neisseria Data
2711,#C5D8D9,Neisseria Data
1905,#C5D8D9,Neisseria Data
173,#C5D8D9,Neisseria Data
2556,#C5D8D9,Neisseria Data
2749,#C5D8D9,Neisseria Data
2155,#C5D8D9,Neisseria Data
1911,#C5D8D9,Neisseria Data
2557,#C5D8D9,Neisseria Data
1974,#C5D8D9,Neisseria Data
503,#C5D8D9,Neisseria Data
2458,#C5D8D9,Neisseria Data
58,#C5D8D9,Neisseria Data
2816,#C5D8D9,Neisseria Data
275,#C5D8D9,Neisseria Data
1560,#C5D8D9,Neisseria Data
470,#C5D8D9,Neisseria Data
2147,#C5D8D9,Neisseria Data
2538,#C5D8D9,Neisseria Data
72,#C5D8D9,Neisseria Data
2714,#C5D8D9,Neisseria Data
1061,#C5D8D9,Neisseria Data
33,#C5D8D9,Neisseria Data
277,#C5D8D9,Neisseria Data
2854,#C5D8D9,Neisseria Data
1004,#C5D8D9,Neisseria Data
252,#C5D8D9,Neisseria Data
634,#C5D8D9,Neisseria Data
478,#C5D8D9,Neisseria Data
206,#C5D8D9,Neisseria Data
1060,#C5D8D9,Neisseria Data
1024,#C5D8D9,Neisseria Data
2465,#C5D8D9,Neisseria Data
1067,#C5D8D9,Neisseria Data
1962,#C5D8D9,Neisseria Data
411,#C5D8D9,Neisseria Data
1086,#C5D8D9,Neisseria Data
580,#C5D8D9,Neisseria Data
2062,#C5D8D9,Neisseria Data
2365,#C5D8D9,Neisseria Data
1038,#C5D8D9,Neisseria Data
2564,#C5D8D9,Neisseria Data
2383,#C5D8D9,Neisseria Data
70,#C5D8D9,Neisseria Data
1064,#C5D8D9,Neisseria Data
552,#C5D8D9,Neisseria Data
2593,#C5D8D9,Neisseria Data
2374,#C5D8D9,Neisseria Data
2741,#C5D8D9,Neisseria Data
1909,#C5D8D9,Neisseria Data
2547,#C5D8D9,Neisseria Data
2550,#C5D8D9,Neisseria Data
2443,#C5D8D9,Neisseria Data
471,#C5D8D9,Neisseria Data
1022,#C5D8D9,Neisseria Data
162,#C5D8D9,Neisseria Data
2703,#C5D8D9,Neisseria Data
2061,#C5D8D9,Neisseria Data
2740,#C5D8D9,Neisseria Data
1983,#C5D8D9,Neisseria Data
483,#C5D8D9,Neisseria Data
177,#C5D8D9,Neisseria Data
2433,#C5D8D9,Neisseria Data
469,#C5D8D9,Neisseria Data
2574,#C5D8D9,Neisseria Data
2761,#C5D8D9,Neisseria Data
63,#C5D8D9,Neisseria Data
2559,#C5D8D9,Neisseria Data
2435,#C5D8D9,Neisseria Data
1013,#C5D8D9,Neisseria Data
1051,#C5D8D9,Neisseria Data
203,#C5D8D9,Neisseria Data
2482,#C5D8D9,Neisseria Data
1928,#C5D8D9,Neisseria Data
415,#C5D8D9,Neisseria Data
998,#C5D8D9,Neisseria Data
2088,#C5D8D9,Neisseria Data
1971,#C5D8D9,Neisseria Data
1366,#C5D8D9,Neisseria Data
533,#C5D8D9,Neisseria Data
2669,#C5D8D9,Neisseria Data
2448,#C5D8D9,Neisseria Data
274,#C5D8D9,Neisseria Data
1045,#C5D8D9,Neisseria Data
2734,#C5D8D9,Neisseria Data
1954,#C5D8D9,Neisseria Data
1028,#C5D8D9,Neisseria Data
2517,#C5D8D9,Neisseria Data
2498,#C5D8D9,Neisseria Data
243,#C5D8D9,Neisseria Data
240,#C5D8D9,Neisseria Data
263,#C5D8D9,Neisseria Data
251,#C5D8D9,Neisseria Data
325,#C5D8D9,Neisseria Data
502,#C5D8D9,Neisseria Data
1957,#C5D8D9,Neisseria Data
464,#C5D8D9,Neisseria Data
2760,#C5D8D9,Neisseria Data
218,#C5D8D9,Neisseria Data
390,#C5D8D9,Neisseria Data
118,#C5D8D9,Neisseria Data
2715,#C5D8D9,Neisseria Data
1220,#C5D8D9,Neisseria Data
395,#C5D8D9,Neisseria Data
2645,#C5D8D9,Neisseria Data
1070,#C5D8D9,Neisseria Data
288,#C5D8D9,Neisseria Data
389,#C5D8D9,Neisseria Data
685,#C5D8D9,Neisseria Data
1221,#C5D8D9,Neisseria Data
349,#C5D8D9,Neisseria Data
2659,#C5D8D9,Neisseria Data
849,#C5D8D9,Neisseria Data
2150,#C5D8D9,Neisseria Data
69,#C5D8D9,Neisseria Data
2545,#C5D8D9,Neisseria Data
2647,#C5D8D9,Neisseria Data
894,#C5D8D9,Neisseria Data
2192,#C5D8D9,Neisseria Data
2535,#C5D8D9,Neisseria Data
1218,#C5D8D9,Neisseria Data
1230,#C5D8D9,Neisseria Data
2585,#C5D8D9,Neisseria Data
1959,#C5D8D9,Neisseria Data
2184,#C5D8D9,Neisseria Data
211,#C5D8D9,Neisseria Data
1222,#C5D8D9,Neisseria Data
1219,#C5D8D9,Neisseria Data
1224,#C5D8D9,Neisseria Data
2696,#C5D8D9,Neisseria Data
2153,#C5D8D9,Neisseria Data
1226,#C5D8D9,Neisseria Data
540,#C5D8D9,Neisseria Data
2691,#C5D8D9,Neisseria Data
2552,#C5D8D9,Neisseria Data
2806,#C5D8D9,Neisseria Data
1217,#C5D8D9,Neisseria Data
2161,#C5D8D9,Neisseria Data
2361,#C5D8D9,Neisseria Data
627,#C5D8D9,Neisseria Data
1025,#C5D8D9,Neisseria Data
999,#C5D8D9,Neisseria Data
2348,#C5D8D9,Neisseria Data
2377,#C5D8D9,Neisseria Data
2362,#C5D8D9,Neisseria Data
2064,#C5D8D9,Neisseria Data
1076,#C5D8D9,Neisseria Data
202,#C5D8D9,Neisseria Data
24,#C5D8D9,Neisseria Data
2342,#C5D8D9,Neisseria Data
147,#C5D8D9,Neisseria Data
2611,#C5D8D9,Neisseria Data
2758,#C5D8D9,Neisseria Data
2690,#C5D8D9,Neisseria Data
615,#C5D8D9,Neisseria Data
2412,#C5D8D9,Neisseria Data
2767,#C5D8D9,Neisseria Data
2363,#C5D8D9,Neisseria Data
2068,#C5D8D9,Neisseria Data
1041,#C5D8D9,Neisseria Data
57,#C5D8D9,Neisseria Data
2340,#C5D8D9,Neisseria Data
2449,#C5D8D9,Neisseria Data
2182,#C5D8D9,Neisseria Data
2725,#C5D8D9,Neisseria Data
2052,#C5D8D9,Neisseria Data
1014,#C5D8D9,Neisseria Data
1958,#C5D8D9,Neisseria Data
2685,#C5D8D9,Neisseria Data
474,#C5D8D9,Neisseria Data
1946,#C5D8D9,Neisseria Data
60,#C5D8D9,Neisseria Data
753,#C5D8D9,Neisseria Data
2514,#C5D8D9,Neisseria Data
145,#C5D8D9,Neisseria Data
1043,#C5D8D9,Neisseria Data
2723,#C5D8D9,Neisseria Data
2479,#C5D8D9,Neisseria Data
480,#C5D8D9,Neisseria Data
2343,#C5D8D9,Neisseria Data
2693,#C5D8D9,Neisseria Data
1035,#C5D8D9,Neisseria Data
1002,#C5D8D9,Neisseria Data
2091,#C5D8D9,Neisseria Data
324,#C5D8D9,Neisseria Data
2486,#C5D8D9,Neisseria Data
284,#C5D8D9,Neisseria Data
1032,#C5D8D9,Neisseria Data
1034,#C5D8D9,Neisseria Data
2724,#C5D8D9,Neisseria Data
2472,#C5D8D9,Neisseria Data
468,#C5D8D9,Neisseria Data
1047,#C5D8D9,Neisseria Data
2568,#C5D8D9,Neisseria Data
2160,#C5D8D9,Neisseria Data
151,#C5D8D9,Neisseria Data
2456,#C5D8D9,Neisseria Data
2566,#C5D8D9,Neisseria Data
2177,#C5D8D9,Neisseria Data
2011,#C5D8D9,Neisseria Data
2442,#C5D8D9,Neisseria Data
8,#C5D8D9,Neisseria Data
1049,#C5D8D9,Neisseria Data
2069,#C5D8D9,Neisseria Data
21,#C5D8D9,Neisseria Data
382,#C5D8D9,Neisseria Data
1961,#C5D8D9,Neisseria Data
1029,#C5D8D9,Neisseria Data
2360,#C5D8D9,Neisseria Data
2345,#C5D8D9,Neisseria Data
2172,#C5D8D9,Neisseria Data
144,#C5D8D9,Neisseria Data
1087,#C5D8D9,Neisseria Data
2466,#C5D8D9,Neisseria Data
2616,#C5D8D9,Neisseria Data
2819,#C5D8D9,Neisseria Data
525,#C5D8D9,Neisseria Data
1083,#C5D8D9,Neisseria Data
1231,#C5D8D9,Neisseria Data
995,#C5D8D9,Neisseria Data
2366,#C5D8D9,Neisseria Data
2525,#C5D8D9,Neisseria Data
2515,#C5D8D9,Neisseria Data
406,#C5D8D9,Neisseria Data
2511,#C5D8D9,Neisseria Data
466,#C5D8D9,Neisseria Data
1925,#C5D8D9,Neisseria Data
200,#C5D8D9,Neisseria Data
2718,#C5D8D9,Neisseria Data
136,#C5D8D9,Neisseria Data
1021,#C5D8D9,Neisseria Data
2713,#C5D8D9,Neisseria Data
2447,#C5D8D9,Neisseria Data
2222,#C5D8D9,Neisseria Data
1037,#C5D8D9,Neisseria Data
1986,#C5D8D9,Neisseria Data
993,#C5D8D9,Neisseria Data
1546,#C5D8D9,Neisseria Data
2221,#C5D8D9,Neisseria Data
2676,#C5D8D9,Neisseria Data
2684,#C5D8D9,Neisseria Data
2101,#C5D8D9,Neisseria Data
2055,#C5D8D9,Neisseria Data
795,#C5D8D9,Neisseria Data
790,#C5D8D9,Neisseria Data
23,#C5D8D9,Neisseria Data
1975,#C5D8D9,Neisseria Data
312,#C5D8D9,Neisseria Data
992,#C5D8D9,Neisseria Data
260,#C5D8D9,Neisseria Data
1373,#C5D8D9,Neisseria Data
1950,#C5D8D9,Neisseria Data
166,#C5D8D9,Neisseria Data
801,#C5D8D9,Neisseria Data
791,#C5D8D9,Neisseria Data
797,#C5D8D9,Neisseria Data
986,#C5D8D9,Neisseria Data
1137,#C5D8D9,Neisseria Data
990,#C5D8D9,Neisseria Data
1216,#C5D8D9,Neisseria Data
1215,#C5D8D9,Neisseria Data
1972,#C5D8D9,Neisseria Data
1112,#C5D8D9,Neisseria Data
2845,#C5D8D9,Neisseria Data
1119,#C5D8D9,Neisseria Data
991,#C5D8D9,Neisseria Data
2003,#C5D8D9,Neisseria Data
989,#C5D8D9,Neisseria Data
2122,#C5D8D9,Neisseria Data
994,#C5D8D9,Neisseria Data
1118,#C5D8D9,Neisseria Data
2065,#C5D8D9,Neisseria Data
2446,#C5D8D9,Neisseria Data
2355,#C5D8D9,Neisseria Data
730,#C5D8D9,Neisseria Data
246,#C5D8D9,Neisseria Data
2116,#C5D8D9,Neisseria Data
2338,#C5D8D9,Neisseria Data
1382,#C5D8D9,Neisseria Data
1917,#C5D8D9,Neisseria Data
1920,#C5D8D9,Neisseria Data
2218,#C5D8D9,Neisseria Data
2132,#C5D8D9,Neisseria Data
811,#C5D8D9,Neisseria Data
1135,#C5D8D9,Neisseria Data
1963,#C5D8D9,Neisseria Data
2716,#C5D8D9,Neisseria Data
2699,#C5D8D9,Neisseria Data
2072,#C5D8D9,Neisseria Data
2615,#C5D8D9,Neisseria Data
519,#C5D8D9,Neisseria Data
692,#C5D8D9,Neisseria Data
2650,#C5D8D9,Neisseria Data
1937,#C5D8D9,Neisseria Data
1340,#C5D8D9,Neisseria Data
1286,#C5D8D9,Neisseria Data
2646,#C5D8D9,Neisseria Data
1586,#C5D8D9,Neisseria Data
2117,#C5D8D9,Neisseria Data
130,#C5D8D9,Neisseria Data
108,#C5D8D9,Neisseria Data
2812,#C5D8D9,Neisseria Data
223,#C5D8D9,Neisseria Data
154,#C5D8D9,Neisseria Data
2688,#C5D8D9,Neisseria Data
1124,#C5D8D9,Neisseria Data
143,#C5D8D9,Neisseria Data
271,#C5D8D9,Neisseria Data
878,#C5D8D9,Neisseria Data
338,#C5D8D9,Neisseria Data
1263,#C5D8D9,Neisseria Data
318,#C5D8D9,Neisseria Data
1320,#C5D8D9,Neisseria Data
2502,#C5D8D9,Neisseria Data
163,#C5D8D9,Neisseria Data
1151,#C5D8D9,Neisseria Data
1140,#C5D8D9,Neisseria Data
979,#C5D8D9,Neisseria Data
984,#C5D8D9,Neisseria Data
2664,#C5D8D9,Neisseria Data
59,#C5D8D9,Neisseria Data
257,#C5D8D9,Neisseria Data
457,#C5D8D9,Neisseria Data
153,#C5D8D9,Neisseria Data
1090,#C5D8D9,Neisseria Data
1351,#C5D8D9,Neisseria Data
215,#C5D8D9,Neisseria Data
146,#C5D8D9,Neisseria Data
1117,#C5D8D9,Neisseria Data
210,#C5D8D9,Neisseria Data
950,#C5D8D9,Neisseria Data
819,#C5D8D9,Neisseria Data
1122,#C5D8D9,Neisseria Data
2445,#C5D8D9,Neisseria Data
2046,#C5D8D9,Neisseria Data
207,#C5D8D9,Neisseria Data
2620,#C5D8D9,Neisseria Data
1936,#C5D8D9,Neisseria Data
1262,#C5D8D9,Neisseria Data
435,#C5D8D9,Neisseria Data
289,#C5D8D9,Neisseria Data
532,#C5D8D9,Neisseria Data
2823,#C5D8D9,Neisseria Data
450,#C5D8D9,Neisseria Data
547,#C5D8D9,Neisseria Data
228,#C5D8D9,Neisseria Data
372,#C5D8D9,Neisseria Data
2468,#C5D8D9,Neisseria Data
2496,#C5D8D9,Neisseria Data
2756,#C5D8D9,Neisseria Data
2603,#C5D8D9,Neisseria Data
150,#C5D8D9,Neisseria Data
2824,#C5D8D9,Neisseria Data
1210,#C5D8D9,Neisseria Data
2587,#C5D8D9,Neisseria Data
785,#C5D8D9,Neisseria Data
2121,#C5D8D9,Neisseria Data
1147,#C5D8D9,Neisseria Data
2457,#C5D8D9,Neisseria Data
201,#C5D8D9,Neisseria Data
2450,#C5D8D9,Neisseria Data
587,#C5D8D9,Neisseria Data
27,#C5D8D9,Neisseria Data
2453,#C5D8D9,Neisseria Data
142,#C5D8D9,Neisseria Data
463,#C5D8D9,Neisseria Data
2863,#C5D8D9,Neisseria Data
777,#C5D8D9,Neisseria Data
1132,#C5D8D9,Neisseria Data
2143,#C5D8D9,Neisseria Data
2641,#C5D8D9,Neisseria Data
2759,#C5D8D9,Neisseria Data
397,#C5D8D9,Neisseria Data
247,#C5D8D9,Neisseria Data
2787,#C5D8D9,Neisseria Data
452,#C5D8D9,Neisseria Data
1150,#C5D8D9,Neisseria Data
1237,#C5D8D9,Neisseria Data
424,#C5D8D9,Neisseria Data
352,#C5D8D9,Neisseria Data
1933,#C5D8D9,Neisseria Data
1379,#C5D8D9,Neisseria Data
889,#C5D8D9,Neisseria Data
1131,#C5D8D9,Neisseria Data
808,#C5D8D9,Neisseria Data
951,#C5D8D9,Neisseria Data
952,#C5D8D9,Neisseria Data
370,#C5D8D9,Neisseria Data
1089,#C5D8D9,Neisseria Data
374,#C5D8D9,Neisseria Data
2841,#C5D8D9,Neisseria Data
363,#0D2677,New Data
847,#C5D8D9,Neisseria Data
330,#C5D8D9,Neisseria Data
446,#0D2677,New Data
426,#C5D8D9,Neisseria Data
192,#0D2677,New Data
421,#C5D8D9,Neisseria Data
425,#C5D8D9,Neisseria Data
343,#0D2677,New Data
187,#0D2677,New Data
358,#C5D8D9,Neisseria Data
18,#0D2677,New Data
346,#C5D8D9,Neisseria Data
380,#0D2677,New Data
888,#C5D8D9,Neisseria Data
846,#C5D8D9,Neisseria Data
873,#0D2677,New Data
953,#C5D8D9,Neisseria Data
375,#C5D8D9,Neisseria Data
1386,#C5D8D9,Neisseria Data
368,#0D2677,New Data
377,#C5D8D9,Neisseria Data
423,#C5D8D9,Neisseria Data
340,#0D2677,New Data
348,#C5D8D9,Neisseria Data
1073,#C5D8D9,Neisseria Data
876,#C5D8D9,Neisseria Data
887,#C5D8D9,Neisseria Data
13,#0D2677,New Data
188,#C5D8D9,Neisseria Data
451,#C5D8D9,Neisseria Data
355,#C5D8D9,Neisseria Data
362,#C5D8D9,Neisseria Data
329,#C5D8D9,Neisseria Data
884,#C5D8D9,Neisseria Data
1423,#C5D8D9,Neisseria Data
354,#C5D8D9,Neisseria Data
877,#C5D8D9,Neisseria Data
342,#C5D8D9,Neisseria Data
963,#C5D8D9,Neisseria Data
881,#0D2677,New Data
1324,#C5D8D9,Neisseria Data
886,#C5D8D9,Neisseria Data
357,#C5D8D9,Neisseria Data
809,#C5D8D9,Neisseria Data
1074,#C5D8D9,Neisseria Data
538,#C5D8D9,Neisseria Data
190,#C5D8D9,Neisseria Data
347,#C5D8D9,Neisseria Data
378,#C5D8D9,Neisseria Data
16,#0D2677,New Data
356,#0D2677,New Data
191,#C5D8D9,Neisseria Data
365,#C5D8D9,Neisseria Data
381,#C5D8D9,Neisseria Data
335,#C5D8D9,Neisseria Data
875,#C5D8D9,Neisseria Data
353,#C5D8D9,Neisseria Data
1924,#C5D8D9,Neisseria Data
880,#C5D8D9,Neisseria Data
1481,#C5D8D9,Neisseria Data
1326,#C5D8D9,Neisseria Data
1146,#0D2677,New Data
193,#0D2677,New Data
1072,#C5D8D9,Neisseria Data
874,#C5D8D9,Neisseria Data
369,#C5D8D9,Neisseria Data
882,#C5D8D9,Neisseria Data
376,#C5D8D9,Neisseria Data
334,#0D2677,New Data
521,#C5D8D9,Neisseria Data
361,#C5D8D9,Neisseria Data
379,#C5D8D9,Neisseria Data
883,#C5D8D9,Neisseria Data
333,#C5D8D9,Neisseria Data
19,#C5D8D9,Neisseria Data
561,#C5D8D9,Neisseria Data
2415,#C5D8D9,Neisseria Data
359,#C5D8D9,Neisseria Data
422,#C5D8D9,Neisseria Data
351,#C5D8D9,Neisseria Data
1387,#C5D8D9,Neisseria Data
12,#0D2677,New Data
2837,#C5D8D9,Neisseria Data
1648,#C5D8D9,Neisseria Data
17,#0D2677,New Data
885,#C5D8D9,Neisseria Data
360,#C5D8D9,Neisseria Data
427,#C5D8D9,Neisseria Data
189,#0D2677,New Data
1384,#C5D8D9,Neisseria Data
1385,#C5D8D9,Neisseria Data
20,#C5D8D9,Neisseria Data
364,#C5D8D9,Neisseria Data
447,#C5D8D9,Neisseria Data
366,#C5D8D9,Neisseria Data
371,#C5D8D9,Neisseria Data
891,#C5D8D9,Neisseria Data
1424,#C5D8D9,Neisseria Data
436,#C5D8D9,Neisseria Data
15,#C5D8D9,Neisseria Data
2682,#C5D8D9,Neisseria Data
2835,#C5D8D9,Neisseria Data
2129,#C5D8D9,Neisseria Data
2001,#C5D8D9,Neisseria Data
473,#C5D8D9,Neisseria Data
872,#C5D8D9,Neisseria Data
983,#C5D8D9,Neisseria Data
230,#C5D8D9,Neisseria Data
1228,#C5D8D9,Neisseria Data
1425,#C5D8D9,Neisseria Data
868,#C5D8D9,Neisseria Data
690,#C5D8D9,Neisseria Data
551,#C5D8D9,Neisseria Data
1550,#C5D8D9,Neisseria Data
1173,#C5D8D9,Neisseria Data
1673,#C5D8D9,Neisseria Data
806,#C5D8D9,Neisseria Data
1189,#C5D8D9,Neisseria Data
2736,#C5D8D9,Neisseria Data
73,#C5D8D9,Neisseria Data
934,#C5D8D9,Neisseria Data
1354,#C5D8D9,Neisseria Data
770,#C5D8D9,Neisseria Data
1352,#C5D8D9,Neisseria Data
707,#C5D8D9,Neisseria Data
856,#C5D8D9,Neisseria Data
1322,#C5D8D9,Neisseria Data
1953,#C5D8D9,Neisseria Data
1353,#C5D8D9,Neisseria Data
1915,#C5D8D9,Neisseria Data
1566,#C5D8D9,Neisseria Data
71,#C5D8D9,Neisseria Data
2747,#C5D8D9,Neisseria Data
750,#C5D8D9,Neisseria Data
920,#C5D8D9,Neisseria Data
2857,#C5D8D9,Neisseria Data
2537,#C5D8D9,Neisseria Data
831,#C5D8D9,Neisseria Data
1093,#C5D8D9,Neisseria Data
1251,#C5D8D9,Neisseria Data
448,#C5D8D9,Neisseria Data
788,#C5D8D9,Neisseria Data
1572,#C5D8D9,Neisseria Data
624,#C5D8D9,Neisseria Data
2529,#C5D8D9,Neisseria Data
92,#C5D8D9,Neisseria Data
900,#C5D8D9,Neisseria Data
1993,#C5D8D9,Neisseria Data
2735,#C5D8D9,Neisseria Data
918,#C5D8D9,Neisseria Data
1152,#C5D8D9,Neisseria Data
708,#C5D8D9,Neisseria Data
960,#C5D8D9,Neisseria Data
919,#C5D8D9,Neisseria Data
1458,#C5D8D9,Neisseria Data
1282,#C5D8D9,Neisseria Data
830,#C5D8D9,Neisseria Data
311,#C5D8D9,Neisseria Data
98,#C5D8D9,Neisseria Data
1236,#C5D8D9,Neisseria Data
568,#C5D8D9,Neisseria Data
723,#C5D8D9,Neisseria Data
1350,#C5D8D9,Neisseria Data
1244,#C5D8D9,Neisseria Data
1627,#C5D8D9,Neisseria Data
1202,#C5D8D9,Neisseria Data
576,#C5D8D9,Neisseria Data
1883,#C5D8D9,Neisseria Data
1358,#C5D8D9,Neisseria Data
407,#C5D8D9,Neisseria Data
1206,#C5D8D9,Neisseria Data
1480,#C5D8D9,Neisseria Data
1266,#C5D8D9,Neisseria Data
125,#C5D8D9,Neisseria Data
925,#C5D8D9,Neisseria Data
1901,#C5D8D9,Neisseria Data
2199,#C5D8D9,Neisseria Data
727,#C5D8D9,Neisseria Data
904,#C5D8D9,Neisseria Data
543,#C5D8D9,Neisseria Data
453,#C5D8D9,Neisseria Data
922,#C5D8D9,Neisseria Data
1380,#C5D8D9,Neisseria Data
508,#C5D8D9,Neisseria Data
1422,#C5D8D9,Neisseria Data
182,#C5D8D9,Neisseria Data
1902,#C5D8D9,Neisseria Data
1581,#C5D8D9,Neisseria Data
740,#C5D8D9,Neisseria Data
646,#C5D8D9,Neisseria Data
1303,#C5D8D9,Neisseria Data
2320,#C5D8D9,Neisseria Data
1243,#C5D8D9,Neisseria Data
823,#C5D8D9,Neisseria Data
720,#C5D8D9,Neisseria Data
933,#C5D8D9,Neisseria Data
1175,#C5D8D9,Neisseria Data
1547,#C5D8D9,Neisseria Data
76,#C5D8D9,Neisseria Data
46,#C5D8D9,Neisseria Data
807,#C5D8D9,Neisseria Data
493,#C5D8D9,Neisseria Data
783,#C5D8D9,Neisseria Data
591,#C5D8D9,Neisseria Data
1178,#C5D8D9,Neisseria Data
839,#C5D8D9,Neisseria Data
1184,#C5D8D9,Neisseria Data
2308,#C5D8D9,Neisseria Data
5,#C5D8D9,Neisseria Data
947,#C5D8D9,Neisseria Data
2208,#C5D8D9,Neisseria Data
77,#C5D8D9,Neisseria Data
1153,#C5D8D9,Neisseria Data
721,#C5D8D9,Neisseria Data
715,#C5D8D9,Neisseria Data
78,#C5D8D9,Neisseria Data
45,#C5D8D9,Neisseria Data
738,#C5D8D9,Neisseria Data
1158,#C5D8D9,Neisseria Data
120,#C5D8D9,Neisseria Data
767,#C5D8D9,Neisseria Data
818,#C5D8D9,Neisseria Data
1142,#C5D8D9,Neisseria Data
75,#C5D8D9,Neisseria Data
1472,#C5D8D9,Neisseria Data
1186,#C5D8D9,Neisseria Data
965,#C5D8D9,Neisseria Data
124,#C5D8D9,Neisseria Data
913,#C5D8D9,Neisseria Data
1441,#C5D8D9,Neisseria Data
1577,#C5D8D9,Neisseria Data
1573,#C5D8D9,Neisseria Data
941,#C5D8D9,Neisseria Data
1467,#C5D8D9,Neisseria Data
620,#C5D8D9,Neisseria Data
83,#C5D8D9,Neisseria Data
2313,#C5D8D9,Neisseria Data
774,#C5D8D9,Neisseria Data
74,#C5D8D9,Neisseria Data
2212,#C5D8D9,Neisseria Data
2604,#C5D8D9,Neisseria Data
1170,#C5D8D9,Neisseria Data
1159,#C5D8D9,Neisseria Data
1198,#C5D8D9,Neisseria Data
824,#C5D8D9,Neisseria Data
1568,#C5D8D9,Neisseria Data
1196,#C5D8D9,Neisseria Data
541,#C5D8D9,Neisseria Data
2487,#C5D8D9,Neisseria Data
2197,#C5D8D9,Neisseria Data
759,#C5D8D9,Neisseria Data
265,#C5D8D9,Neisseria Data
2592,#C5D8D9,Neisseria Data
2562,#C5D8D9,Neisseria Data
1209,#C5D8D9,Neisseria Data
428,#C5D8D9,Neisseria Data
1443,#C5D8D9,Neisseria Data
760,#C5D8D9,Neisseria Data
1323,#C5D8D9,Neisseria Data
1113,#C5D8D9,Neisseria Data
987,#C5D8D9,Neisseria Data
718,#C5D8D9,Neisseria Data
1245,#C5D8D9,Neisseria Data
367,#C5D8D9,Neisseria Data
949,#C5D8D9,Neisseria Data
844,#C5D8D9,Neisseria Data
599,#C5D8D9,Neisseria Data
1579,#C5D8D9,Neisseria Data
1269,#C5D8D9,Neisseria Data
1462,#C5D8D9,Neisseria Data
97,#C5D8D9,Neisseria Data
737,#C5D8D9,Neisseria Data
1880,#C5D8D9,Neisseria Data
581,#C5D8D9,Neisseria Data
1232,#C5D8D9,Neisseria Data
1166,#C5D8D9,Neisseria Data
1448,#C5D8D9,Neisseria Data
956,#C5D8D9,Neisseria Data
1569,#C5D8D9,Neisseria Data
2207,#C5D8D9,Neisseria Data
978,#C5D8D9,Neisseria Data
544,#C5D8D9,Neisseria Data
973,#C5D8D9,Neisseria Data
1115,#C5D8D9,Neisseria Data
1370,#C5D8D9,Neisseria Data
1908,#C5D8D9,Neisseria Data
1154,#C5D8D9,Neisseria Data
1201,#C5D8D9,Neisseria Data
1183,#C5D8D9,Neisseria Data
741,#C5D8D9,Neisseria Data
1233,#C5D8D9,Neisseria Data
1169,#C5D8D9,Neisseria Data
866,#C5D8D9,Neisseria Data
1378,#C5D8D9,Neisseria Data
1343,#C5D8D9,Neisseria Data
1574,#C5D8D9,Neisseria Data
909,#C5D8D9,Neisseria Data
716,#C5D8D9,Neisseria Data
1452,#C5D8D9,Neisseria Data
1281,#C5D8D9,Neisseria Data
745,#C5D8D9,Neisseria Data
1171,#C5D8D9,Neisseria Data
1896,#C5D8D9,Neisseria Data
1314,#C5D8D9,Neisseria Data
1211,#C5D8D9,Neisseria Data
6,#C5D8D9,Neisseria Data
742,#C5D8D9,Neisseria Data
1312,#C5D8D9,Neisseria Data
863,#C5D8D9,Neisseria Data
901,#C5D8D9,Neisseria Data
1126,#C5D8D9,Neisseria Data
2721,#C5D8D9,Neisseria Data
1337,#C5D8D9,Neisseria Data
1114,#C5D8D9,Neisseria Data
1197,#C5D8D9,Neisseria Data
833,#C5D8D9,Neisseria Data
570,#C5D8D9,Neisseria Data
921,#C5D8D9,Neisseria Data
402,#C5D8D9,Neisseria Data
1193,#C5D8D9,Neisseria Data
601,#C5D8D9,Neisseria Data
1306,#C5D8D9,Neisseria Data
1182,#C5D8D9,Neisseria Data
259,#C5D8D9,Neisseria Data
1205,#C5D8D9,Neisseria Data
966,#C5D8D9,Neisseria Data
1144,#C5D8D9,Neisseria Data
1111,#C5D8D9,Neisseria Data
603,#C5D8D9,Neisseria Data
943,#C5D8D9,Neisseria Data
1348,#C5D8D9,Neisseria Data
761,#C5D8D9,Neisseria Data
608,#C5D8D9,Neisseria Data
1190,#C5D8D9,Neisseria Data
1276,#C5D8D9,Neisseria Data
1298,#C5D8D9,Neisseria Data
895,#C5D8D9,Neisseria Data
2833,#C5D8D9,Neisseria Data
250,#C5D8D9,Neisseria Data
1388,#C5D8D9,Neisseria Data
1349,#C5D8D9,Neisseria Data
907,#C5D8D9,Neisseria Data
912,#C5D8D9,Neisseria Data
1450,#C5D8D9,Neisseria Data
1372,#C5D8D9,Neisseria Data
1284,#C5D8D9,Neisseria Data
946,#C5D8D9,Neisseria Data
928,#C5D8D9,Neisseria Data
1277,#C5D8D9,Neisseria Data
842,#C5D8D9,Neisseria Data
970,#C5D8D9,Neisseria Data
1134,#C5D8D9,Neisseria Data
178,#C5D8D9,Neisseria Data
465,#C5D8D9,Neisseria Data
596,#C5D8D9,Neisseria Data
1267,#C5D8D9,Neisseria Data
1469,#C5D8D9,Neisseria Data
927,#C5D8D9,Neisseria Data
439,#C5D8D9,Neisseria Data
1347,#C5D8D9,Neisseria Data
1662,#C5D8D9,Neisseria Data
1342,#C5D8D9,Neisseria Data
1240,#C5D8D9,Neisseria Data
1123,#C5D8D9,Neisseria Data
935,#C5D8D9,Neisseria Data
1461,#C5D8D9,Neisseria Data
1283,#C5D8D9,Neisseria Data
1121,#C5D8D9,Neisseria Data
1160,#C5D8D9,Neisseria Data
1179,#C5D8D9,Neisseria Data
763,#C5D8D9,Neisseria Data
1575,#C5D8D9,Neisseria Data
917,#C5D8D9,Neisseria Data
1583,#C5D8D9,Neisseria Data
1338,#C5D8D9,Neisseria Data
944,#C5D8D9,Neisseria Data
816,#C5D8D9,Neisseria Data
1892,#C5D8D9,Neisseria Data
717,#C5D8D9,Neisseria Data
1136,#C5D8D9,Neisseria Data
1213,#C5D8D9,Neisseria Data
655,#C5D8D9,Neisseria Data
597,#C5D8D9,Neisseria Data
896,#C5D8D9,Neisseria Data
598,#C5D8D9,Neisseria Data
898,#C5D8D9,Neisseria Data
1165,#C5D8D9,Neisseria Data
955,#C5D8D9,Neisseria Data
582,#C5D8D9,Neisseria Data
1185,#C5D8D9,Neisseria Data
616,#C5D8D9,Neisseria Data
2209,#C5D8D9,Neisseria Data
910,#C5D8D9,Neisseria Data
1275,#C5D8D9,Neisseria Data
37,#C5D8D9,Neisseria Data
1148,#C5D8D9,Neisseria Data
588,#C5D8D9,Neisseria Data
782,#C5D8D9,Neisseria Data
1161,#C5D8D9,Neisseria Data
186,#C5D8D9,Neisseria Data
604,#C5D8D9,Neisseria Data
1544,#C5D8D9,Neisseria Data
1208,#C5D8D9,Neisseria Data
936,#C5D8D9,Neisseria Data
1893,#C5D8D9,Neisseria Data
2211,#C5D8D9,Neisseria Data
1157,#C5D8D9,Neisseria Data
586,#C5D8D9,Neisseria Data
2301,#C5D8D9,Neisseria Data
2198,#C5D8D9,Neisseria Data
841,#C5D8D9,Neisseria Data
231,#C5D8D9,Neisseria Data
1235,#C5D8D9,Neisseria Data
905,#C5D8D9,Neisseria Data
445,#C5D8D9,Neisseria Data
1571,#C5D8D9,Neisseria Data
1900,#C5D8D9,Neisseria Data
1268,#C5D8D9,Neisseria Data
698,#C5D8D9,Neisseria Data
899,#C5D8D9,Neisseria Data
915,#C5D8D9,Neisseria Data
1447,#C5D8D9,Neisseria Data
1187,#C5D8D9,Neisseria Data
747,#C5D8D9,Neisseria Data
1313,#C5D8D9,Neisseria Data
1125,#C5D8D9,Neisseria Data
2215,#C5D8D9,Neisseria Data
1293,#C5D8D9,Neisseria Data
1176,#C5D8D9,Neisseria Data
1194,#C5D8D9,Neisseria Data
1227,#C5D8D9,Neisseria Data
1116,#C5D8D9,Neisseria Data
813,#C5D8D9,Neisseria Data
1181,#C5D8D9,Neisseria Data
2302,#C5D8D9,Neisseria Data
1295,#C5D8D9,Neisseria Data
768,#C5D8D9,Neisseria Data
864,#C5D8D9,Neisseria Data
893,#C5D8D9,Neisseria Data
2311,#C5D8D9,Neisseria Data
64,#C5D8D9,Neisseria Data
926,#C5D8D9,Neisseria Data
736,#C5D8D9,Neisseria Data
1466,#C5D8D9,Neisseria Data
962,#C5D8D9,Neisseria Data
838,#C5D8D9,Neisseria Data
1294,#C5D8D9,Neisseria Data
1580,#C5D8D9,Neisseria Data
858,#C5D8D9,Neisseria Data
929,#C5D8D9,Neisseria Data
1464,#C5D8D9,Neisseria Data
621,#C5D8D9,Neisseria Data
1163,#C5D8D9,Neisseria Data
1307,#C5D8D9,Neisseria Data
327,#C5D8D9,Neisseria Data
2210,#C5D8D9,Neisseria Data
932,#C5D8D9,Neisseria Data
607,#C5D8D9,Neisseria Data
835,#C5D8D9,Neisseria Data
903,#C5D8D9,Neisseria Data
1207,#C5D8D9,Neisseria Data
308,#C5D8D9,Neisseria Data
2316,#C5D8D9,Neisseria Data
748,#C5D8D9,Neisseria Data
1440,#C5D8D9,Neisseria Data
914,#C5D8D9,Neisseria Data
1304,#C5D8D9,Neisseria Data
1891,#C5D8D9,Neisseria Data
1278,#C5D8D9,Neisseria Data
442,#C5D8D9,Neisseria Data
1465,#C5D8D9,Neisseria Data
1468,#C5D8D9,Neisseria Data
1242,#C5D8D9,Neisseria Data
2319,#C5D8D9,Neisseria Data
942,#C5D8D9,Neisseria Data
719,#C5D8D9,Neisseria Data
746,#C5D8D9,Neisseria Data
776,#C5D8D9,Neisseria Data
1478,#C5D8D9,Neisseria Data
1672,#C5D8D9,Neisseria Data
557,#C5D8D9,Neisseria Data
2580,#C5D8D9,Neisseria Data
1545,#C5D8D9,Neisseria Data
1191,#C5D8D9,Neisseria Data
772,#C5D8D9,Neisseria Data
757,#C5D8D9,Neisseria Data
1241,#C5D8D9,Neisseria Data
724,#C5D8D9,Neisseria Data
1339,#C5D8D9,Neisseria Data
623,#C5D8D9,Neisseria Data
1138,#C5D8D9,Neisseria Data
1453,#C5D8D9,Neisseria Data
2097,#C5D8D9,Neisseria Data
579,#C5D8D9,Neisseria Data
1156,#C5D8D9,Neisseria Data
571,#C5D8D9,Neisseria Data
1180,#C5D8D9,Neisseria Data
279,#C5D8D9,Neisseria Data
2840,#C5D8D9,Neisseria Data
1563,#C5D8D9,Neisseria Data
2312,#C5D8D9,Neisseria Data
1162,#C5D8D9,Neisseria Data
549,#C5D8D9,Neisseria Data
812,#C5D8D9,Neisseria Data
1483,#C5D8D9,Neisseria Data
1177,#C5D8D9,Neisseria Data
1584,#C5D8D9,Neisseria Data
1199,#C5D8D9,Neisseria Data
1329,#C5D8D9,Neisseria Data
945,#C5D8D9,Neisseria Data
1439,#C5D8D9,Neisseria Data
611,#C5D8D9,Neisseria Data
726,#C5D8D9,Neisseria Data
564,#C5D8D9,Neisseria Data
2743,#C5D8D9,Neisseria Data
1476,#C5D8D9,Neisseria Data
1895,#C5D8D9,Neisseria Data
1444,#C5D8D9,Neisseria Data
1264,#C5D8D9,Neisseria Data
1249,#C5D8D9,Neisseria Data
619,#C5D8D9,Neisseria Data
1451,#C5D8D9,Neisseria Data
1172,#C5D8D9,Neisseria Data
610,#C5D8D9,Neisseria Data
113,#C5D8D9,Neisseria Data
595,#C5D8D9,Neisseria Data
967,#C5D8D9,Neisseria Data
1100,#C5D8D9,Neisseria Data
1234,#C5D8D9,Neisseria Data
1520,#C5D8D9,Neisseria Data
902,#C5D8D9,Neisseria Data
837,#C5D8D9,Neisseria Data
1239,#C5D8D9,Neisseria Data
773,#C5D8D9,Neisseria Data
1203,#C5D8D9,Neisseria Data
626,#C5D8D9,Neisseria Data
930,#C5D8D9,Neisseria Data
940,#C5D8D9,Neisseria Data
1273,#C5D8D9,Neisseria Data
1296,#C5D8D9,Neisseria Data
440,#C5D8D9,Neisseria Data
725,#C5D8D9,Neisseria Data
959,#C5D8D9,Neisseria Data
121,#C5D8D9,Neisseria Data
840,#C5D8D9,Neisseria Data
629,#C5D8D9,Neisseria Data
1457,#C5D8D9,Neisseria Data
758,#C5D8D9,Neisseria Data
828,#C5D8D9,Neisseria Data
123,#C5D8D9,Neisseria Data
908,#C5D8D9,Neisseria Data
1438,#C5D8D9,Neisseria Data
676,#C5D8D9,Neisseria Data
1308,#C5D8D9,Neisseria Data
1479,#C5D8D9,Neisseria Data
957,#C5D8D9,Neisseria Data
832,#C5D8D9,Neisseria Data
924,#C5D8D9,Neisseria Data
594,#C5D8D9,Neisseria Data
1272,#C5D8D9,Neisseria Data
1471,#C5D8D9,Neisseria Data
122,#C5D8D9,Neisseria Data
937,#C5D8D9,Neisseria Data
441,#C5D8D9,Neisseria Data
923,#C5D8D9,Neisseria Data
1473,#C5D8D9,Neisseria Data
444,#C5D8D9,Neisseria Data
938,#C5D8D9,Neisseria Data
1279,#C5D8D9,Neisseria Data
1127,#C5D8D9,Neisseria Data
1265,#C5D8D9,Neisseria Data
89,#C5D8D9,Neisseria Data
780,#C5D8D9,Neisseria Data
140,#C5D8D9,Neisseria Data
981,#C5D8D9,Neisseria Data
1280,#C5D8D9,Neisseria Data
1271,#C5D8D9,Neisseria Data
906,#C5D8D9,Neisseria Data
829,#C5D8D9,Neisseria Data
749,#C5D8D9,Neisseria Data
625,#C5D8D9,Neisseria Data
1576,#C5D8D9,Neisseria Data
825,#C5D8D9,Neisseria Data
834,#C5D8D9,Neisseria Data
1886,#C5D8D9,Neisseria Data
916,#C5D8D9,Neisseria Data
1334,#C5D8D9,Neisseria Data
1292,#C5D8D9,Neisseria Data
433,#C5D8D9,Neisseria Data
431,#C5D8D9,Neisseria Data
1564,#C5D8D9,Neisseria Data
1212,#C5D8D9,Neisseria Data
1392,#C5D8D9,Neisseria Data
1246,#C5D8D9,Neisseria Data
1200,#C5D8D9,Neisseria Data
1204,#C5D8D9,Neisseria Data
1371,#C5D8D9,Neisseria Data
180,#C5D8D9,Neisseria Data
1238,#C5D8D9,Neisseria Data
1270,#C5D8D9,Neisseria Data
1507,#C5D8D9,Neisseria Data
1120,#C5D8D9,Neisseria Data
119,#C5D8D9,Neisseria Data
1475,#C5D8D9,Neisseria Data
1214,#C5D8D9,Neisseria Data
1887,#C5D8D9,Neisseria Data
1463,#C5D8D9,Neisseria Data
1357,#C5D8D9,Neisseria Data
1302,#C5D8D9,Neisseria Data
1374,#C5D8D9,Neisseria Data
485,#C5D8D9,Neisseria Data
1470,#C5D8D9,Neisseria Data
1300,#C5D8D9,Neisseria Data
827,#C5D8D9,Neisseria Data
589,#C5D8D9,Neisseria Data
1449,#C5D8D9,Neisseria Data
1139,#C5D8D9,Neisseria Data
1879,#C5D8D9,Neisseria Data
982,#C5D8D9,Neisseria Data
762,#C5D8D9,Neisseria Data
939,#C5D8D9,Neisseria Data
1301,#C5D8D9,Neisseria Data
1297,#C5D8D9,Neisseria Data
1474,#C5D8D9,Neisseria Data
628,#C5D8D9,Neisseria Data
2214,#C5D8D9,Neisseria Data
1456,#C5D8D9,Neisseria Data
1446,#C5D8D9,Neisseria Data
1174,#C5D8D9,Neisseria Data
1477,#C5D8D9,Neisseria Data
1454,#C5D8D9,Neisseria Data
826,#C5D8D9,Neisseria Data
1305,#C5D8D9,Neisseria Data
487,#C5D8D9,Neisseria Data
443,#C5D8D9,Neisseria Data
722,#C5D8D9,Neisseria Data
1164,#C5D8D9,Neisseria Data
771,#C5D8D9,Neisseria Data
1168,#C5D8D9,Neisseria Data
434,#C5D8D9,Neisseria Data
958,#C5D8D9,Neisseria Data
1253,#C5D8D9,Neisseria Data
843,#C5D8D9,Neisseria Data
1299,#C5D8D9,Neisseria Data
565,#C5D8D9,Neisseria Data
836,#C5D8D9,Neisseria Data
429,#C5D8D9,Neisseria Data
1578,#C5D8D9,Neisseria Data
1549,#C5D8D9,Neisseria Data
1890,#C5D8D9,Neisseria Data
1149,#C5D8D9,Neisseria Data
1155,#C5D8D9,Neisseria Data
2570,#C5D8D9,Neisseria Data
1426,#C5D8D9,Neisseria Data
2175,#C5D8D9,Neisseria Data
1192,#C5D8D9,Neisseria Data
2041,#C5D8D9,Neisseria Data
1585,#C5D8D9,Neisseria Data
1405,#C5D8D9,Neisseria Data
2426,#C5D8D9,Neisseria Data
1395,#C5D8D9,Neisseria Data
2583,#C5D8D9,Neisseria Data
1367,#C5D8D9,Neisseria Data
1432,#C5D8D9,Neisseria Data
500,#C5D8D9,Neisseria Data
302,#C5D8D9,Neisseria Data
954,#C5D8D9,Neisseria Data
567,#C5D8D9,Neisseria Data
79,#C5D8D9,Neisseria Data
489,#C5D8D9,Neisseria Data
822,#C5D8D9,Neisseria Data
1554,#C5D8D9,Neisseria Data
232,#C5D8D9,Neisseria Data
1376,#C5D8D9,Neisseria Data
2315,#C5D8D9,Neisseria Data
234,#C5D8D9,Neisseria Data
488,#C5D8D9,Neisseria Data
1290,#C5D8D9,Neisseria Data
127,#C5D8D9,Neisseria Data
1530,#C5D8D9,Neisseria Data
1375,#C5D8D9,Neisseria Data
622,#C5D8D9,Neisseria Data
1291,#C5D8D9,Neisseria Data
1195,#C5D8D9,Neisseria Data
91,#C5D8D9,Neisseria Data
2856,#C5D8D9,Neisseria Data
126,#C5D8D9,Neisseria Data
40,#C5D8D9,Neisseria Data
1535,#C5D8D9,Neisseria Data
38,#C5D8D9,Neisseria Data
506,#C5D8D9,Neisseria Data
879,#C5D8D9,Neisseria Data
1516,#C5D8D9,Neisseria Data
892,#C5D8D9,Neisseria Data
1482,#C5D8D9,Neisseria Data
1517,#C5D8D9,Neisseria Data
1332,#C5D8D9,Neisseria Data
1525,#C5D8D9,Neisseria Data
1543,#C5D8D9,Neisseria Data
84,#C5D8D9,Neisseria Data
1510,#C5D8D9,Neisseria Data
1513,#C5D8D9,Neisseria Data
103,#C5D8D9,Neisseria Data
158,#C5D8D9,Neisseria Data
1532,#C5D8D9,Neisseria Data
101,#C5D8D9,Neisseria Data
563,#C5D8D9,Neisseria Data
1528,#C5D8D9,Neisseria Data
102,#C5D8D9,Neisseria Data
1556,#C5D8D9,Neisseria Data
235,#C5D8D9,Neisseria Data
484,#C5D8D9,Neisseria Data
14,#C5D8D9,Neisseria Data
236,#C5D8D9,Neisseria Data
1486,#C5D8D9,Neisseria Data
1523,#C5D8D9,Neisseria Data
1489,#C5D8D9,Neisseria Data
95,#C5D8D9,Neisseria Data
817,#C5D8D9,Neisseria Data
1495,#C5D8D9,Neisseria Data
456,#C5D8D9,Neisseria Data
870,#C5D8D9,Neisseria Data
1539,#C5D8D9,Neisseria Data
176,#C5D8D9,Neisseria Data
1519,#C5D8D9,Neisseria Data
1493,#C5D8D9,Neisseria Data
3,#C5D8D9,Neisseria Data
1500,#C5D8D9,Neisseria Data
128,#C5D8D9,Neisseria Data
486,#C5D8D9,Neisseria Data
855,#C5D8D9,Neisseria Data
39,#C5D8D9,Neisseria Data
85,#C5D8D9,Neisseria Data
1330,#C5D8D9,Neisseria Data
1522,#C5D8D9,Neisseria Data
90,#C5D8D9,Neisseria Data
82,#C5D8D9,Neisseria Data
1531,#C5D8D9,Neisseria Data
86,#C5D8D9,Neisseria Data
1496,#C5D8D9,Neisseria Data
1400,#C5D8D9,Neisseria Data
81,#C5D8D9,Neisseria Data
617,#C5D8D9,Neisseria Data
2201,#C5D8D9,Neisseria Data
1487,#C5D8D9,Neisseria Data
1455,#C5D8D9,Neisseria Data
1885,#C5D8D9,Neisseria Data
1897,#C5D8D9,Neisseria Data
99,#C5D8D9,Neisseria Data
1491,#C5D8D9,Neisseria Data
1840,#C5D8D9,Neisseria Data
2213,#C5D8D9,Neisseria Data
778,#C5D8D9,Neisseria Data
2321,#C5D8D9,Neisseria Data
2305,#C5D8D9,Neisseria Data
2189,#C5D8D9,Neisseria Data
1508,#C5D8D9,Neisseria Data
105,#C5D8D9,Neisseria Data
507,#C5D8D9,Neisseria Data
2233,#C5D8D9,Neisseria Data
1558,#C5D8D9,Neisseria Data
1555,#C5D8D9,Neisseria Data
1527,#C5D8D9,Neisseria Data
1492,#C5D8D9,Neisseria Data
1514,#C5D8D9,Neisseria Data
2204,#C5D8D9,Neisseria Data
96,#C5D8D9,Neisseria Data
897,#C5D8D9,Neisseria Data
93,#C5D8D9,Neisseria Data
1542,#C5D8D9,Neisseria Data
800,#C5D8D9,Neisseria Data
2843,#C5D8D9,Neisseria Data
779,#C5D8D9,Neisseria Data
961,#C5D8D9,Neisseria Data
159,#C5D8D9,Neisseria Data
87,#C5D8D9,Neisseria Data
1538,#C5D8D9,Neisseria Data
1899,#C5D8D9,Neisseria Data
62,#C5D8D9,Neisseria Data
2317,#C5D8D9,Neisseria Data
931,#C5D8D9,Neisseria Data
1888,#C5D8D9,Neisseria Data
2307,#C5D8D9,Neisseria Data
2309,#C5D8D9,Neisseria Data
1498,#C5D8D9,Neisseria Data
1188,#C5D8D9,Neisseria Data
2310,#C5D8D9,Neisseria Data
2303,#C5D8D9,Neisseria Data
1534,#C5D8D9,Neisseria Data
88,#C5D8D9,Neisseria Data
820,#C5D8D9,Neisseria Data
1511,#C5D8D9,Neisseria Data
1488,#C5D8D9,Neisseria Data
129,#C5D8D9,Neisseria Data
2195,#C5D8D9,Neisseria Data
1442,#C5D8D9,Neisseria Data
1512,#C5D8D9,Neisseria Data
1505,#C5D8D9,Neisseria Data
179,#C5D8D9,Neisseria Data
2314,#C5D8D9,Neisseria Data
2203,#C5D8D9,Neisseria Data
1526,#C5D8D9,Neisseria Data
968,#C5D8D9,Neisseria Data
618,#C5D8D9,Neisseria Data
600,#C5D8D9,Neisseria Data
1540,#C5D8D9,Neisseria Data
1541,#C5D8D9,Neisseria Data
735,#C5D8D9,Neisseria Data
1515,#C5D8D9,Neisseria Data
2191,#C5D8D9,Neisseria Data
1533,#C5D8D9,Neisseria Data
1333,#C5D8D9,Neisseria Data
1497,#C5D8D9,Neisseria Data
2230,#C5D8D9,Neisseria Data
1889,#C5D8D9,Neisseria Data
1882,#C5D8D9,Neisseria Data
2206,#C5D8D9,Neisseria Data
1331,#C5D8D9,Neisseria Data
1898,#C5D8D9,Neisseria Data
612,#C5D8D9,Neisseria Data
613,#C5D8D9,Neisseria Data
614,#C5D8D9,Neisseria Data
1518,#C5D8D9,Neisseria Data
100,#C5D8D9,Neisseria Data
566,#C5D8D9,Neisseria Data
1536,#C5D8D9,Neisseria Data
1537,#C5D8D9,Neisseria Data
764,#C5D8D9,Neisseria Data
1894,#C5D8D9,Neisseria Data
1499,#C5D8D9,Neisseria Data
1445,#C5D8D9,Neisseria Data
1490,#C5D8D9,Neisseria Data
1509,#C5D8D9,Neisseria Data
1167,#C5D8D9,Neisseria Data
781,#C5D8D9,Neisseria Data
2196,#C5D8D9,Neisseria Data
1133,#C5D8D9,Neisseria Data
1504,#C5D8D9,Neisseria Data
821,#C5D8D9,Neisseria Data
2205,#C5D8D9,Neisseria Data
1506,#C5D8D9,Neisseria Data
2200,#C5D8D9,Neisseria Data
1650,#C5D8D9,Neisseria Data
2304,#C5D8D9,Neisseria Data
237,#C5D8D9,Neisseria Data
1502,#C5D8D9,Neisseria Data
869,#C5D8D9,Neisseria Data
2318,#C5D8D9,Neisseria Data
2306,#C5D8D9,Neisseria Data
1776,#C5D8D9,Neisseria Data
845,#C5D8D9,Neisseria Data
1501,#C5D8D9,Neisseria Data
80,#C5D8D9,Neisseria Data
1529,#C5D8D9,Neisseria Data
2202,#C5D8D9,Neisseria Data
1503,#C5D8D9,Neisseria Data
1521,#C5D8D9,Neisseria Data
1494,#C5D8D9,Neisseria Data
520,#C5D8D9,Neisseria Data
1524,#C5D8D9,Neisseria Data
