locus,allele_id,comments
23S_rRNA,456,mutations: C2599→T: NO; A2143→G: YES
23S_rRNA,532,mutations: C2599→T: NO; A2143→G: YES
23S_rRNA,1111,mutations: C2599→T: NO; A2143→G: YES
23S_rRNA,431,mutations: C2599→T: YES; A2143→G: NO
23S_rRNA,432,mutations: C2599→T: YES; A2143→G: NO
23S_rRNA,436,mutations: C2599→T: YES; A2143→G: NO
23S_rRNA,439,mutations: C2599→T: YES; A2143→G: NO
23S_rRNA,465,mutations: C2599→T: YES; A2143→G: NO
23S_rRNA,466,mutations: C2599→T: YES; A2143→G: NO
23S_rRNA,489,mutations: C2599→T: YES; A2143→G: NO
23S_rRNA,505,mutations: C2599→T: YES; A2143→G: NO
23S_rRNA,1112,mutations: C2599→T: YES; A2143→G: NO
